estado,ADJ,ADP,ADV,AUX,CCONJ,DET,INTJ,NOUN,NUM,PART,PRON,PROPN,PUNCT,SCONJ,SYM,VERB,X
"ADJ,ADJ",0.012446799837585835,0.15029233381858645,0.016370798449583574,0.017102742475122713,0.07265806095598394,0.002985333279821831,0.0008068791835905461,0.020693595625260932,0.001532700388183863,0.0008065686745819104,0.016543148688989977,0.01143464039259454,0.6458202496981499,0.008979567671285325,0.0011870397094951438,0.019363604143426402,0.0009759071638351785
"ADJ,ADP",0.003561678200291946,0.000991121319314187,0.012803486902896632,0.0046246238829775735,0.00046028743895078623,0.6216962450999308,0.000156201693070822,0.12861233390919652,0.024696413640898484,0.00015506553347532096,0.1008472193066725,0.03608264672033012,0.005610641392410668,0.007319668036411263,0.002576875850779475,0.04964094383759279,0.0001645463647324565
"ADJ,ADV",0.07146954631823793,0.2658199074979501,0.08078305957546635,0.15417843635047465,0.006264796688717205,0.009693940488399295,0.0013304577064900099,0.0029068678527690074,0.0034684721980114026,0.001321150719211552,0.033685807045812324,0.002093424286149864,0.11358148264481409,0.012464349253591241,0.0023867520697044486,0.23688404899420412,0.0016674796354863358
"ADJ,AUX",0.15467466881501843,0.13361979969947546,0.06301487866571574,0.039910032528472826,0.0024356107097355676,0.27042535907429005,0.0013301264821205957,0.024655880443404634,0.004104728157499679,0.0013255524046378942,0.06534627611365705,0.004115561552803945,0.008455395736257526,0.02702644140925514,0.009082685261692964,0.18908207234273183,0.0013949192279055838
"ADJ,CCONJ",0.3695072782885074,0.13686728837054574,0.06432867367504999,0.01095463249713807,0.001342012940983749,0.10350524631211531,0.0007340856519504702,0.07656478842908661,0.005660738473771329,0.0007176573865190862,0.027586659051974566,0.002761255711771164,0.042239451373235905,0.014495316811323386,0.0008668859442884435,0.1394859432758972,0.0023820828091867903
"ADJ,DET",0.00918532905299635,0.03778492894212385,0.012069237861864476,0.014244948936529315,0.01124193218403272,0.04789113268976916,0.004445041802639763,0.6629669039150975,0.010882365358728904,0.004420021506401509,0.03532982335443783,0.02056069517611356,0.07493186473753005,0.01871728169998837,0.012417248501507171,0.01565061990174458,0.007260570523965032
"ADJ,INTJ",0.03432075144433357,0.1080285680135601,0.058891235617547624,0.05994159231755715,0.12348733756627409,0.0669736128850581,0.01939829758168263,0.024844794866588343,0.03230788605929008,0.019319393345730327,0.06414147293623726,0.029343340109489156,0.20942530995174838,0.05406976712560364,0.030869835181038505,0.04302195756341926,0.021614019383851057
"ADJ,NOUN",0.05542913219625249,0.44955648533929815,0.013266440751228778,0.035347185804128455,0.020257323776814655,0.00392648508263107,0.00010636537140960411,0.0008092049200152489,0.005316598373821915,0.00010366604330131787,0.024936054029372604,0.0018254147846352086,0.3592834168317071,0.00242833673582191,0.00013492228139679255,0.02712771905465938,0.00014524740824212762
"ADJ,NUM",0.004881476692570834,0.014003707282427972,0.007591576052487408,0.008597476947455416,0.05540395033531705,0.004699780088210054,0.0024065933680230784,0.7787902210908263,0.005995700281362966,0.0023900150659407595,0.0059441198855434306,0.010088886103925497,0.04813241405238935,0.005440368478708931,0.028973996232808507,0.013531680616439605,0.0031280023630277137
"ADJ,PART",0.03445630655355209,0.10850306584244099,0.05912283899895896,0.060212230360131035,0.1240530657404132,0.06727967254862065,0.01948094605099101,0.0249434641049307,0.032450430406041335,0.019401687942499208,0.06442986590913839,0.02947201372069192,0.20595433820728123,0.05431347644288136,0.03100473498269495,0.04321649566691699,0.021704535695423067
"ADJ,PRON",0.015352092224340214,0.044723434160065516,0.11997516697865064,0.11429991133928474,0.0063708045840288555,0.0915217930589694,0.0019523126608801563,0.0028074843319830832,0.0037608760107138784,0.00197138051939472,0.06152477493133389,0.0026073514692764323,0.016527751792277567,0.004674248200372083,0.0024065420493952078,0.5074369397569057,0.0020871154934718234
"ADJ,PROPN",0.00454721007081927,0.09503381412593832,0.007144512233074155,0.02422120239646543,0.018275629518002767,0.013874161762312109,0.0016808488521428367,0.0021529614335162395,0.0034609232033470973,0.0016956378460611318,0.00554144713533757,0.3715776289964904,0.3909762290131426,0.010544198053569202,0.0019498374310740628,0.04549553058192612,0.001828193329121564
"ADJ,PUNCT",0.03277242515010393,0.17626727107766824,0.06779841574372139,0.041342062487917844,0.13557445478709731,0.12851948793817813,0.000962872784042383,0.025684479883267754,0.005369537587140898,0.0001978295743222203,0.07839803317766907,0.026730862849807583,0.12407762914465119,0.026380048904173954,0.004949351706880853,0.12467220847802515,0.00030302789212679544
"ADJ,SCONJ",0.017802091771236636,0.013049540180698758,0.1196544486464321,0.055361148523335846,0.004523079926816675,0.39075195967455884,0.0021159514890542476,0.015613141474735543,0.003166527726925112,0.00214262582714487,0.19051132972644255,0.012620088470711511,0.06739576094972652,0.0035697505056161084,0.0022557022224701326,0.09728183953628824,0.00218499844545608
"ADJ,SYM",0.02471284655964983,0.14207017402929062,0.04851595954380444,0.040249942735442676,0.10407995011309414,0.041920486411642456,0.013131211865467764,0.01702355456607945,0.19069092390951367,0.013024153017213614,0.04276652994927832,0.02576222305900039,0.18732322262087234,0.0353798267185269,0.021443853933939667,0.036790277012778344,0.015114404062844642
"ADJ,VERB",0.0035469156301473313,0.30612481092186383,0.07416348669176615,0.034113676172066905,0.0029181658282426376,0.23986239772037485,0.0005347521318449498,0.11085967977054087,0.02696078557001352,0.0005340227931304257,0.0656803582289736,0.004712129538542035,0.05259897122144579,0.046888527866954355,0.0007888571370515134,0.02909197848884823,0.000620476211581061
"ADJ,X",0.02679278875414072,0.20022959172845567,0.044166417472304535,0.05252482305304307,0.17045917793722593,0.044780907962022824,0.013347384219402712,0.019603614014271326,0.021927638535538377,0.013379443831973037,0.04250745741495609,0.05786634828077813,0.13593398895676087,0.038645171347714696,0.019944526757088667,0.034796622939533,0.06309363926328447
"ADP,ADJ",0.005556001387842566,0.08832251868703807,0.0028684000865988528,0.008655579985821319,0.0410114152568129,0.005664329190530434,0.0007692170595504922,0.6203996674487303,0.0030112838434703756,0.000764643710473621,0.002673158146399588,0.005288945239980377,0.20008610594603618,0.002445550541549484,0.004183397156462406,0.007409161910134756,0.0008906166109318353
"ADP,ADP",0.0107986930926021,0.02650247733304561,0.04279730910705988,0.011933045067343,0.021238910777310965,0.46883536630985767,0.005360525540142303,0.04489963920203868,0.250038647931266,0.005280926995268853,0.027559409319321243,0.021428609240231343,0.020752655907011936,0.0122948159317235,0.013432012021926707,0.01095044962842707,0.005896472268469478
"ADP,ADV",0.013193939989601071,0.27608995316172735,0.0377873871160949,0.055305494255746684,0.024568517500690258,0.06433152775483987,0.0006380458476673268,0.0022817683456572975,0.0698422275968328,0.0006332818534097683,0.023541691342484114,0.0008493492532449893,0.2938119653414833,0.013868180330562982,0.0010330367176994628,0.1214905007582493,0.0007331294414711526
"ADP,AUX",0.07947704902972264,0.02099013205296908,0.17142494588730398,0.007972817739149507,0.00642048730149259,0.19459342616323533,0.0016029937452717595,0.08070391395902454,0.01565478344081333,0.0015856148097041242,0.03228587535558298,0.00589992629300914,0.016386631426775718,0.004103196187851571,0.0032231779258243675,0.3558983526759959,0.0017766661433031832
"ADP,CCONJ",0.04893179113597529,0.25394973791948583,0.05831160173719848,0.04835370976301993,0.07165357947854543,0.059054813605061256,0.014810793618009974,0.03900860450410264,0.04916348644656113,0.014626365415173967,0.05352950103686834,0.0384800482775987,0.08840151804965017,0.057290425573230906,0.038078118643198926,0.03756429276721481,0.028791499758246256
"ADP,DET",0.037471276754182596,0.0005404773023646601,0.0017839580949830542,0.00017968617896626761,0.00018715064699895828,0.028703111232593982,2.8791769765131044e-05,0.7308368782230589,0.010883830731348174,2.8507687910446946e-05,0.007397428486134057,0.17292759942806216,0.004898900003832988,0.00016978122266245106,0.0002963803283276496,0.002619345806877894,0.0010468960079003746
"ADP,INTJ",0.030155686069717375,0.09000723160175954,0.06263694629004962,0.058089780412531405,0.15871693150834676,0.07000886973461286,0.016702598475197897,0.022334871520813347,0.035032713401072973,0.016707210719913112,0.06032429177663067,0.024029780342867683,0.18091201281342392,0.04982286167726121,0.07178528140066746,0.03394036314351015,0.0187923133392621
"ADP,NOUN",0.09614988116078396,0.3831943474606618,0.015687723087384656,0.014514534534105733,0.0828653485053347,0.004901062929219692,3.2679431563122624e-05,0.0011194682170643522,0.0006026131858856492,3.239569713697856e-05,0.015080593547189377,0.0008441209706339096,0.36513452165948684,0.0024156782399016494,5.964698330726634e-05,0.01727004245033205,9.53416675211212e-05
"ADP,NUM",0.0013260806840277816,0.11693164009730236,0.0007646799626880208,0.006704151779114011,0.05155115342309401,0.003440714298869601,0.00013388581466228892,0.2387654742409095,0.02438569965765317,0.00013408998642631698,0.001653794831323967,0.000421058000978701,0.40283917226586163,0.000318731776910904,0.1462991443788348,0.004173191690731991,0.00015733592535078982
"ADP,PART",0.030439483181668846,0.09090156964345432,0.0632479605075915,0.058640421994261116,0.16029952118750937,0.0707087049104793,0.01685543280177717,0.02251503831836681,0.03536620443489395,0.016860106456193315,0.06091598686820711,0.02422849388106061,0.17299302468848096,0.0503000340762695,0.0724927566885704,0.034272166026039066,0.01896283631664974
"ADP,PRON",0.01435822770958742,0.07592895673036937,0.04534482990938935,0.036905556765414724,0.02172898817443903,0.07018186293711949,0.00018844062811792573,0.004013713202105852,0.0002931440821615994,0.00018591731188063359,0.18952503862873743,0.001571201711018058,0.39892583744763105,0.007809892761652703,0.0003073233199868031,0.13252678288800085,0.00020428491017372645
"ADP,PROPN",0.0016774966486029603,0.09016026190034943,0.013332972010222216,0.01898939915147931,0.08947149496213988,0.003249426300547927,0.00011257757413112353,0.00042961195445853905,0.0005054446308534999,0.00011211513080277335,0.0046015763258025,0.24959101905264064,0.5041934593009056,0.0032136942933557017,0.0003581284748717877,0.019880553526526325,0.00012076759020586804
"ADP,PUNCT",0.033743099044692894,0.018355065774453883,0.030957195994711258,0.003966223520696699,0.006315253522991954,0.06710146407528299,0.011504948266752203,0.12999714016303415,0.021859548937888825,0.0021685131243124934,0.0036544591521462787,0.5332969585271147,0.011205986731155812,0.003480070147806538,0.005590424193436778,0.03687104943913681,0.07993259114017845
"ADP,SCONJ",0.0019442365360926995,0.009616565653940552,0.04170249712536968,0.044728158958526894,0.007759428264506197,0.6018307069102068,0.0010189098492960438,0.010698868476914597,0.0019133507515222614,0.0010114188616756447,0.12037879894681493,0.02697496604939086,0.03914113886171183,0.006163494427438656,0.0019965199353887426,0.0820239536915483,0.0010969794067619831
"ADP,SYM",0.001621059347322571,0.0061673749034679565,0.0028087206148872906,0.002544590492612753,0.005890775163414807,0.007106818111934124,0.0013563622573501352,0.001176325379591876,0.9360026098990009,0.0013495968882037944,0.0025882706637104006,0.0016529049332994685,0.021789689076045993,0.0023274618447306507,0.0025590106445501095,0.0017188476424106962,0.0013395742257236146
"ADP,VERB",0.006380854801902585,0.22203572549269673,0.024595295186962605,0.0027072024844652506,0.014484572158800765,0.4593227975132295,0.00011628884598822283,0.06758168859481506,0.00390666044142888,0.0001158559178055896,0.05417663956009655,0.005270930598153088,0.11000417887492953,0.022487783490475394,0.0027047777544072565,0.0039519852580706515,0.00015676178908561282
"ADP,X",0.016840939662544973,0.0602487941284259,0.03676580613411953,0.03658129196728855,0.08402467428205537,0.03578638711924597,0.008956299814873062,0.012321752534782297,0.017654417794877537,0.008930110701382384,0.031170030140265634,0.02015338725529188,0.27329787277228557,0.026022117072130837,0.030893068631031737,0.02048200425270848,0.2798709148229314
"ADV,ADJ",0.001805622432776753,0.3053185428296633,0.009902970649746977,0.01415204551151527,0.08929977839000142,0.006127957582098698,0.00012424816013407072,0.011062511359582203,0.0002873483717801752,0.00012337887095190364,0.003235716820206811,0.0004960075352026731,0.5160543692235221,0.03169696178446483,0.00017868482069415166,0.009826918192278463,0.0003069354871910729
"ADV,ADP",0.005467173200263935,0.001993906787170705,0.009898158656747076,0.01027281555345884,0.0005001518984791134,0.5576928939407354,0.00024223576751584535,0.08959881687784241,0.12562339419480198,0.00024034900069118674,0.08499251925745811,0.019665202258463285,0.0066918622625714115,0.0018368081774150088,0.02930210900745056,0.055454075220071716,0.0005275269759796367
"ADV,ADV",0.11014825515378207,0.24462465280876017,0.02084567818233522,0.12357002867243298,0.0077186543054772305,0.02313733467678594,0.000677944681104711,0.0013719560547968295,0.007046519442152059,0.0006617538075881791,0.040630188183793645,0.001757935792382178,0.19515217524626527,0.0158207329041167,0.0008624392901076937,0.2051574420289828,0.0008163052293082134
"ADV,AUX",0.19523199413422873,0.1302939322583263,0.082500517403886,0.023512492073225047,0.0038413935085337193,0.1470888563209706,0.0005205453267578667,0.06854155646395488,0.006842270767253874,0.0005146265691863972,0.028404888552857645,0.0029324604164000074,0.021838123566907192,0.010583526953039803,0.0007707506915365819,0.27601999663448346,0.0005620665753217079
"ADV,CCONJ",0.010101636908590821,0.09117924287134531,0.3094171838559457,0.07172016319855717,0.010782569500333544,0.060664052556739304,0.003810052377428792,0.020765978750245735,0.009914449115409282,0.0037464301969333596,0.12301636816001368,0.007762044169558105,0.015277587592198055,0.012489014289996296,0.004612939555729589,0.2387166555825615,0.00602361258881218
"ADV,DET",0.02953793653112133,0.008572825615334727,0.004085241040749148,0.00260708974705233,0.0022465062346115052,0.052178578995963176,0.001134910002150899,0.7818822273566659,0.017220602513844795,0.0011253815616407087,0.011376532122853989,0.07080618648123721,0.005706472706738279,0.004473842327024305,0.002387024047490915,0.0027628990340857747,0.001895739239503315
"ADV,INTJ",0.024758215017475615,0.11332741725263368,0.070873511203699,0.06604694702639247,0.13051106126385825,0.07669389355048259,0.016573797678713857,0.029092226949161356,0.027036946184732437,0.016513289649315543,0.07083910944619048,0.02349111246357151,0.19371803569911653,0.058663332609381745,0.02576649337808211,0.037218286097217015,0.01887596200560035
"ADV,NOUN",0.05236163768372145,0.5057665043027681,0.012925023337532768,0.00468963594221272,0.12329997076696246,0.004632352301365499,0.0012112383549826447,0.003095145437332544,0.007793903887924131,0.0011867496817823521,0.014389309037461322,0.011751099535991844,0.2196929206671378,0.016745532454047744,0.0019357744635660609,0.016584123901349897,0.0019390540717796568
"ADV,NUM",0.007687666409343692,0.04103821266888051,0.002814811300759356,0.0071243293494940895,0.021152993532398218,0.0032523800883318753,0.0012421581810848567,0.7270718688734061,0.012076154736239889,0.0012434312148813128,0.0034758197147321777,0.008527042955447903,0.028496782912093118,0.002674994148237082,0.12530475055801898,0.005204403817804502,0.0016121860730785123
"ADV,PART",0.024916819999643038,0.11408758712703745,0.07134547656171322,0.06649417387632062,0.13139897227689756,0.07721529831429702,0.01668312890755066,0.029282466455877572,0.027217920093152805,0.01662221098756719,0.07131837404594636,0.02364758676093373,0.1883014109255894,0.059060357694759924,0.025938243151079055,0.0374699384721582,0.018999669821168488
"ADV,PRON",0.012391254671783385,0.05172914783385751,0.04564356990599625,0.029677547303374904,0.004507622295161943,0.011400913187761782,0.0016010518293148059,0.002478459580590084,0.002174273402834231,0.0015845199130776037,0.07200125485842439,0.002146707021170829,0.05682208150498812,0.004130955240349151,0.0019783272495814516,0.6980637281750891,0.0016685811037494697
"ADV,PROPN",0.015578238667132276,0.08292284870346552,0.023922821928140416,0.09868966628571028,0.21237271884047165,0.02086631891479045,0.005469531869316604,0.009421565841160282,0.015095711085623055,0.0054585713929597365,0.020610209901579555,0.09107238744131688,0.2631557511942352,0.020038044297471965,0.007132779863006014,0.10212332327093913,0.006069415926978609
"ADV,PUNCT",0.014449112005650197,0.14188529340818118,0.09652755541117612,0.05030286997345593,0.08365262883359122,0.20637397712603192,0.0009874430248779315,0.023897112666810404,0.013959660043268155,0.0005665297246652626,0.09290134340474653,0.01915685193301228,0.08574192231428003,0.02551077033086157,0.001031552315699751,0.14085794928408937,0.002197426264561576
"ADV,SCONJ",0.008702953027031949,0.11633894799929065,0.08252634275600833,0.044934732621144904,0.01045764780950386,0.3521418477619298,0.0015738879777020803,0.021727999208408528,0.003437867414739072,0.0015511313003252532,0.16390079007400415,0.04358069357849015,0.025267390387927094,0.004049684135344008,0.0018991232743029742,0.1162588140991697,0.0016501386143150637
"ADV,SYM",0.016568839756812132,0.10487095287244963,0.039101383355831264,0.03592355167127845,0.0699016673386959,0.038882617907901734,0.009490712211349613,0.016601277746052266,0.39149985157251305,0.009396555847876437,0.03668995572346954,0.017547830151102665,0.12540441002086536,0.030805812628821497,0.015987529780943664,0.02988159199908985,0.011445284857762025
"ADV,VERB",0.007663156537048571,0.21773897601772296,0.06358741238815334,0.03509270906816643,0.008432993321127959,0.2118024213649861,0.0001573597174581952,0.12629280631945985,0.005890207623968564,0.00015577844427935373,0.06985326680727286,0.0037914773663898058,0.1170776572884822,0.03441272605775863,0.0016656104256911387,0.09617784104749803,0.00020759929017181224
"ADV,X",0.01993723103304562,0.10799938880462381,0.05274401508003578,0.05327938189620167,0.114731558151784,0.05776028178965327,0.012648167296507095,0.02421138561048465,0.02057277210586082,0.012608561465459514,0.05407892955793139,0.02607260611879188,0.3154086238333125,0.04481388495932748,0.01970610527320015,0.0347233601589351,0.02870347381123368
"AUX,ADJ",0.0005671296971000333,0.2962871814876364,0.014418214451900639,0.0006204348012860056,0.08127752874860626,0.01048412351338557,0.00018307418347353018,0.0051525945662123955,0.0004471000531555996,0.00018296581143875516,0.009479900083303803,0.0006192771570673009,0.42297224862373556,0.06483581145282832,0.00028367476341413685,0.09198855106594567,0.0002001876836123932
"AUX,ADP",0.02781288393688733,0.0028186437952040567,0.028954424174459866,0.0066285958005313905,0.0018279634927460722,0.5325723689317463,0.0008894282695062061,0.19393298969862374,0.04893134433450591,0.0008856369628583551,0.0700302539160748,0.01336258186684713,0.007814486738944339,0.011952728410106585,0.024233438808212823,0.026488342421030164,0.0008638859185292464
"AUX,ADV",0.4482238477263613,0.11952587896150524,0.07706976951997352,0.005413929293855194,0.013490240386316592,0.07883542361059373,0.0006047650366385582,0.013305180742468416,0.013366374255509666,0.0005957442995054082,0.039655686592529084,0.004927636931897198,0.10118208030564037,0.029248228189773167,0.000931450457180568,0.052043073259921704,0.0015806874447206315
"AUX,AUX",0.09595338532741876,0.05554693948079161,0.07486431902623526,0.0046906323680937926,0.011003149744214348,0.07830372518818322,0.0021123256212809568,0.020180292251841234,0.015988267076913178,0.00206452017498235,0.008366604739154402,0.003678119313024865,0.03926351356904613,0.007630952306582336,0.005077046331394284,0.5727640594430922,0.002512132191777079
"AUX,CCONJ",0.03986605476359137,0.06915682550389274,0.12560524530881093,0.13996267944506832,0.05126726809263611,0.06307661102836909,0.015129742523759062,0.03511871156534678,0.040599104372630104,0.014826862122976913,0.16798022813567984,0.03423223798280486,0.07241399377820397,0.04384971426649455,0.02248473374017148,0.04075501668938516,0.023674889697566016
"AUX,DET",0.14594993625308605,0.0071734049626506315,0.006517583743553993,0.0009086099505290253,0.0011058150823067714,0.018340847684440137,0.00046385411160351526,0.761176672538849,0.001925694130596216,0.0004629523621305084,0.01594948421390525,0.014663328024976099,0.02046240495495756,0.0019337256616107177,0.0007465053420007582,0.0008360554503864295,0.0013831240043290405
"AUX,INTJ",0.024780251434351402,0.12567641132171511,0.05683065579768933,0.04335321747721552,0.1634629167446422,0.08163810509490073,0.014486722594137283,0.02052021200404873,0.036441743064951244,0.014377549242799518,0.06397453947646993,0.01804908052271948,0.20409339418415476,0.05982445423263323,0.0298119670947683,0.02726666615535867,0.015411778820092625
"AUX,NOUN",0.05959446125988535,0.5734387968301388,0.011462004797070817,0.017868810834342472,0.03315721797889646,0.004624912520476081,0.0003899002127511947,0.0010603360516179454,0.003579127878901157,0.0003915462372692539,0.018548422393055868,0.0009353490986648164,0.25500741267797267,0.015932537495880313,0.0009240225528544337,0.0023886387147708226,0.0006964947250651774
"AUX,NUM",0.0041925857944008936,0.5563701072983166,0.004277546156975274,0.006098418810321043,0.012838960025708895,0.021513835538964885,0.002928308241083378,0.1987793900160562,0.03558022316806061,0.0029963006243369757,0.007018695169165924,0.0031339262679628095,0.06476977371611352,0.006015403731327952,0.06625699683193464,0.004037162619009987,0.00319234860209046
"AUX,PART",0.024887626661535694,0.1253271103406667,0.05709387824748515,0.043559561327114554,0.1642596002260152,0.08203499356005724,0.014553055948837657,0.020610301547930462,0.036615062003213766,0.01444334996383323,0.06428123396577358,0.018131743837461817,0.20126307867374668,0.060112671652937294,0.0299529706120331,0.02739305632993509,0.015480369157700517
"AUX,PRON",0.12375664625331038,0.0757203289588686,0.07088429932538157,0.007850565952857585,0.016291779557460563,0.08946012432937568,0.0017204111962363068,0.002729119054115078,0.0027351525247306463,0.0017079755981939972,0.2037346753311009,0.0018738011613775698,0.1559859390888354,0.013516698863744937,0.0023175319343803867,0.22791895455778977,0.001795988941842359
"AUX,PROPN",0.010580373175510293,0.03188002411072291,0.014336507036703751,0.01969385202268423,0.06561984852260987,0.014884316355298938,0.0036600525250894836,0.004743920803858599,0.022880089271764062,0.0036607493851737775,0.055128851140452045,0.3259772335075195,0.3942431098528896,0.013390713171335276,0.00566950981136092,0.00992170622027248,0.00372908929504889
"AUX,PUNCT",0.06979665417469208,0.23305082385130943,0.1639548766653037,0.008677401085769022,0.03162018426845804,0.1854837324345424,0.00906848529624098,0.030585045596083396,0.01881297967365515,0.0029841092721282552,0.0810920838322304,0.02358547851656475,0.0333442543488361,0.007910210401649962,0.009261403566820077,0.07939419264231902,0.011378070481438438
"AUX,SCONJ",0.0032632418661137207,0.011222702664601875,0.08270126722542266,0.05671365809948476,0.010003987445828321,0.4301961780441981,0.001964541839073754,0.013610545175813773,0.004384035864545677,0.00195361305410693,0.1292069864643065,0.003138197675221433,0.11763370194462458,0.05295700392069225,0.002680899470586165,0.07630151742584299,0.00206790911789753
"AUX,SYM",0.017601523255515516,0.11629476888276315,0.037082640823796885,0.02797021089959287,0.08478190740474358,0.04194100712329166,0.009561121018292023,0.014500209104229955,0.3623149984813241,0.009479681829056438,0.037574180796075274,0.018298141827224924,0.1335150533792159,0.03603701486455566,0.017309342807757623,0.02487290353854152,0.010865130820297653
"AUX,VERB",0.003416376928417117,0.5925967100229633,0.03813395546445906,0.0032061085418069045,0.02610407354807528,0.11217661943306546,8.04776365926578e-05,0.020059764826897624,0.007354313815730765,7.912996410849532e-05,0.01248072737848298,0.0014797978741816907,0.1613886477306444,0.015525133038139195,0.0024123486861443353,0.0033969302773983927,0.00010888384771957221
"AUX,X",0.025057246029323313,0.14926143674118394,0.05187888259252356,0.043182695998647866,0.1569288828502692,0.07464687537195853,0.013360343183463262,0.020504574250139417,0.03335606744288724,0.013274661368610212,0.05848027173637928,0.025697797869561917,0.19138889792417316,0.054614318141359045,0.027333116749095148,0.02993039720060455,0.03110322711495654
"CCONJ,ADJ",0.011270181674693444,0.21461058956750353,0.009259667050487553,0.016276450228370234,0.027914404141055033,0.001994130007651819,0.0006723967751468857,0.07149241376392344,0.0013137444034811484,0.0006691006302580754,0.007618163231451459,0.0042496205841824,0.6050590054476348,0.019424986883109705,0.0009264063061855925,0.006490816795568315,0.000757916049790624
"CCONJ,ADP",0.01602088906799812,0.00540266730161161,0.03953031687024286,0.008155068399176308,0.0014054829542789486,0.5598237778113463,0.0007102166670048753,0.21054471767760558,0.013238410614609905,0.000714305828690038,0.058645810026123214,0.03322830882446505,0.010990821595962293,0.004907293078878911,0.001289914760925816,0.034595160679176305,0.0007968356053458621
"CCONJ,ADV",0.07002247196015815,0.12883280893659535,0.09332956732973516,0.058561673940471466,0.00472554378347921,0.07671411307296662,0.0008997768973731042,0.016554939854016657,0.010675231479176796,0.0009109554458457144,0.04850333858248417,0.0027122975777816153,0.08720532519090007,0.0026077532701599803,0.0012948234414055745,0.39532506571145576,0.0011243104021582066
"CCONJ,AUX",0.16872819646024706,0.05212891897546352,0.17420957364173745,0.009476901175439855,0.004703191765020375,0.0755650623531138,0.001993684369574819,0.02476004817650697,0.03724302159464128,0.002002241647024211,0.05757016525754641,0.0069270965138962855,0.14169436116684173,0.02610969680992237,0.0033858727277993697,0.21128146285309327,0.0022204959737245704
"CCONJ,CCONJ",0.05039825812177787,0.12359688477004761,0.05714350681600219,0.04503581708981465,0.04089456430394172,0.1580071955673775,0.019140506674961342,0.04226175402550298,0.04697868247974776,0.018945497644193888,0.05305934928977387,0.08463379541059503,0.07300298943434208,0.04708865600843202,0.026770587417080716,0.08159313417428195,0.031448747206589696
"CCONJ,DET",0.026379343578919644,0.008139080870898275,0.0031891891621688095,0.0014832080885846183,0.001157484084560505,0.038624910157993686,0.0007542095851893642,0.7877424981749064,0.003623788094535625,0.0007542246421462625,0.018127877575870786,0.08521214628720578,0.01216732393869623,0.0017295009537821192,0.0011462566086325133,0.0010693277321252382,0.008699628746060941
"CCONJ,INTJ",0.034087168790519866,0.10149926360195077,0.07742736349981384,0.07111183461454446,0.09016161427692464,0.05332499828195086,0.020307872172924006,0.027951766902794533,0.033241040718701334,0.020307393360971912,0.072332320110764,0.029999641228349173,0.19952782740416386,0.06771158778021145,0.03826668012677678,0.04034755717672463,0.022393803135768907
"CCONJ,NOUN",0.10870565267950225,0.35261627689997127,0.01503056036485588,0.014014841561185166,0.01054471060154534,0.0022199331352006145,0.00027229404820583637,0.0015777309615674995,0.0037587695904105333,0.00026995225052467415,0.026830542060731735,0.00430188346267821,0.43275239884608685,0.0021979026757648957,0.00045259434439042694,0.023500153448965454,0.0009538006573975487
"CCONJ,NUM",0.002804805991415665,0.15931670629849132,0.00981080957452594,0.004009405603588486,0.017905263828573957,0.0039253024400440215,0.001208639795993418,0.33778963508660964,0.015341365308797388,0.0012187655162669664,0.004075212905651498,0.004989865780335429,0.3675029802723508,0.003004869490167581,0.053517424075628615,0.01199182177302904,0.001587116581106695
"CCONJ,PART",0.03451953260775472,0.10281606304609656,0.07842829807018786,0.07203735367901194,0.09133623580003741,0.0540195911987722,0.02056972673490307,0.028302848733172244,0.033671031411823565,0.020569251136532136,0.07327311093850866,0.0303849277101208,0.189162883834632,0.06859335380182512,0.03876222492298428,0.04087244853418641,0.022680847883463535
"CCONJ,PRON",0.02052552517508259,0.11980657357312986,0.11945633317269716,0.11301096214231103,0.011708965746963859,0.013685227737267755,0.0013892844119568204,0.004170266425025197,0.001833112393872734,0.0013564885778287771,0.11269074578730465,0.002203252246765824,0.07378741451218508,0.004572401537509528,0.0022168161998465043,0.3961533342425111,0.0014332915198436394
"CCONJ,PROPN",0.001427287143594643,0.07567958712960683,0.024728702413251966,0.03197777636444106,0.03154776929407796,0.001339834387128964,0.0006228003900990987,0.000628825225213948,0.001309088566265999,0.0006263713012519689,0.01744648259164062,0.3033494584707969,0.4604322661921235,0.0035798053650145318,0.0007155543686961161,0.043944896761511094,0.0006434897289384473
"CCONJ,PUNCT",0.03717907623218837,0.3029168714321225,0.19836156808898361,0.02815713169561362,0.011495752780688852,0.10556198402037902,0.0031332002281502574,0.0156172193069664,0.018870442098638866,0.0011800514972383491,0.04825206946580395,0.06699760697695371,0.008618467096471773,0.07182820437255631,0.00222279073656223,0.07612552821934017,0.0034820321082602245
"CCONJ,SCONJ",0.006900170632749575,0.015317603302085748,0.11279087782334435,0.12338506788486853,0.010516288340982456,0.34426453824804026,0.003498715221901259,0.005851820234513384,0.006357865655833574,0.0034503076018951614,0.10285646566112473,0.021948810465676483,0.10865677476531307,0.01173517240701634,0.005587498926319035,0.1131587199729186,0.003723280435057037
"CCONJ,SYM",0.02718166249955989,0.11877974547606719,0.053292602245511696,0.049556092088891626,0.0625292566243914,0.036023881737774155,0.014809980505897253,0.0221085896289435,0.24721072721198376,0.014756724048451644,0.04862970018198022,0.030131571939029943,0.1549967139339482,0.04361833676625628,0.026049105810051112,0.03390180956361691,0.016423335995428955
"CCONJ,VERB",0.01999000068384516,0.2677518445932281,0.04578575502949735,0.017800829130133037,0.0017355110626892244,0.285312544310966,0.00031001573431541215,0.09414173615382126,0.014529301638889028,0.0003104631448310506,0.07067115397514044,0.0022865682938582816,0.068699631200141,0.07013435672665175,0.004072312696366166,0.03541637284327496,0.0010516006616770324
"CCONJ,X",0.01708202190839173,0.0618656210945249,0.03488732020638387,0.0363851950095835,0.045835238707544,0.025825725018872342,0.009517142440316451,0.013928648973703727,0.015450325880055156,0.009603961595498242,0.03452684753935454,0.019848721560541023,0.5802512040238614,0.03142424411378073,0.019253321534444694,0.022329484735883393,0.02198486032723961
"DET,ADJ",0.005372564326380742,0.0026943588215763733,0.0009539679281807057,0.0014039057654597717,0.020946168047524583,0.0006293740988518607,0.0002543055793956566,0.897518533543647,0.03499276207491829,0.00025112890436961477,0.001191860810063881,0.020187933445561017,0.010313839531421499,0.000998968490352488,0.00033682403233436896,0.0007108411009330243,0.0012426621276374551
"DET,ADP",0.03924549403095386,0.02580733659199798,0.021173520120831256,0.01879655431099031,0.01735254762732542,0.5668084703629955,0.011353416553481498,0.051422092548335,0.02874965797067001,0.011221772046125017,0.07764503434934346,0.03913981052090687,0.018946644821341268,0.02982808054759045,0.012657708674704293,0.018506235042401103,0.011345598007089801
"DET,ADV",0.40186894612558255,0.10085291851370871,0.06842424535100439,0.024786049117720522,0.022004288195168396,0.015585267427362033,0.0054105824232451765,0.2106006587994097,0.019725980272562227,0.005363157679240654,0.015502723383182494,0.009558790758895552,0.03592739278141032,0.022968634552946312,0.008464204292217007,0.026231482866525227,0.006724655356523999
"DET,AUX",0.10262109346359383,0.05418808076636186,0.1659804680855918,0.047637162033549625,0.04355098937771741,0.11551836403071528,0.011295300282864544,0.03117505266732039,0.06973737022173652,0.011048471795160053,0.04856404666929224,0.03360636889255989,0.049747378833952687,0.039695334340734884,0.017038981639786902,0.14555926207705372,0.01303618999671241
"DET,CCONJ",0.03735038919781947,0.05583457994285588,0.05755443116433091,0.04671379300548007,0.04087423173129612,0.3183979975919352,0.01234502189857396,0.03258988728528281,0.0435635834727792,0.012176373452730213,0.061765820603639866,0.030488214732679014,0.04979824128400477,0.1265812138481904,0.018046793975746878,0.03541337314180599,0.020505976407986404
"DET,DET",0.014550793902413789,0.0038698879555540077,0.0014521204500121082,0.0014250361240985708,0.001610597931121492,0.01695360664037468,0.0006371503086357669,0.9103789063580889,0.015879814822136865,0.0006294979975977978,0.002336684571586258,0.022638222447578637,0.001842607958369103,0.0014912778570362625,0.0015037621583680583,0.0017891809376279749,0.0010108496013105333
"DET,INTJ",0.042105282929143714,0.09943759492975668,0.08093218557124568,0.09195568586598368,0.10298807936796764,0.05712804066371788,0.02244526290879719,0.03112332324360305,0.03270380926001211,0.02238267878505956,0.0737218091441927,0.03694056322493597,0.11950894995148739,0.06663070213885319,0.03423364049469834,0.05998729285161082,0.02577485198937038
"DET,NOUN",0.11518480559940486,0.36294739929525843,0.04159540875476622,0.04763884557182672,0.03344859559288408,0.004779312845752083,1.2932947040818883e-05,0.001398715824127692,0.003977138690218828,1.2745447921196023e-05,0.029642020742058104,0.014895957364899863,0.28366232022556576,0.00481308592742961,0.00012576230707530777,0.055770221813034884,9.47309811430226e-05
"DET,NUM",0.06813689023780314,0.060317677082642226,0.020994828940105376,0.028849563460093968,0.027770263078522133,0.002039669769108325,0.0011588946828694022,0.6662025157630139,0.002613367893914858,0.0011425238785322711,0.006808788855638144,0.003840386557168805,0.05895881442391293,0.002581020797887339,0.03521328510487336,0.012014203438931965,0.0013573006873149778
"DET,PART",0.04232578605674137,0.10005380112996187,0.08140520786213559,0.09250323021590177,0.10360793748451401,0.05747812063787609,0.022546081644187147,0.031214188396722728,0.0328628115059789,0.022482876320647355,0.07415427346492545,0.03703317850440951,0.11466227179195745,0.06700758164648851,0.034413194228207,0.06035165837619039,0.025897552781047634
"DET,PRON",0.02256322131665916,0.17416288969047528,0.02252329626102353,0.16541172411053987,0.014884313776386273,0.0540648031297352,0.00235407650485637,0.0076908242078290185,0.003653757056682938,0.002317287386140423,0.1263102644529639,0.004165879958368858,0.18435337718577854,0.006465250688302329,0.0028932444184663966,0.2035891256155574,0.002596658567335819
"DET,PROPN",0.0064046148813655035,0.15642397004998818,0.029807211789093818,0.043334562174916914,0.05340410430996312,0.0035067480016707383,6.881639715500697e-05,0.00031036851154233876,0.001415386056116198,6.786062138061027e-05,0.008429771079164601,0.1340007000722276,0.4817565617579876,0.005902485698240003,0.0002636516531417158,0.07474127578117916,0.00016191074494505676
"DET,PUNCT",0.008617798669047907,0.020517242163606092,0.016358786260688044,0.00661398509603997,0.030327681975518966,0.009092133444082252,0.005448709644954726,0.5202597467797953,0.01104300932917698,0.002329418457764477,0.018711945800883773,0.23154657581490812,0.013640265396751656,0.005032987246542021,0.004771708889165607,0.011135072068840174,0.08455292518357474
"DET,SCONJ",0.02954703152974037,0.05488895494414818,0.15314460853932957,0.12732871518282265,0.041232544585569485,0.11507977989079601,0.015390498161830649,0.023709664594603982,0.025892822012402485,0.015355895867550989,0.14002017507365705,0.03442690433671038,0.059335456375562964,0.0457996373524333,0.020522771083044514,0.08067286184131887,0.01765160663201385
"DET,SYM",0.018865679666842834,0.05292336093935583,0.03309315053199687,0.03128526197967819,0.047795307630114504,0.022004596256324296,0.010708530784337141,0.014585182789371019,0.5714342589462482,0.010405225863376671,0.030102720680650126,0.018772751136880882,0.06094843253900129,0.0268111624416209,0.015574915421899376,0.022501224202080103,0.012188157047415289
"DET,VERB",0.023599615945462112,0.21443557401031793,0.020693179362891178,0.008992210737875603,0.032265597364431985,0.19744665290023825,0.0022187309666860658,0.038080106921162156,0.03938475182168893,0.0021863394799739306,0.05422468925849912,0.030200063208468905,0.17984114969883555,0.10600759649484945,0.01383387338506662,0.03340666828225134,0.0031831742031948915
"DET,X",0.00800281601376008,0.08113494067505407,0.015607008522578085,0.0847498957722188,0.07414680734811166,0.010030708728050921,0.004154763699351375,0.012222283468018404,0.006591199456262102,0.0041183290348726816,0.013596781854580594,0.026626021247944144,0.48839824381176555,0.01263664876356231,0.0061472134690953,0.022356424572890752,0.12947987796516164
"INTJ,ADJ",0.05109303577004833,0.13014798051542845,0.06005903070967094,0.06210293114037166,0.164621572693914,0.05469093176455238,0.011973027580846158,0.044991023411595776,0.023221980372793077,0.012010536143773945,0.059371441148445,0.029285821192849712,0.16071184954758236,0.060358751163411106,0.020773893404218195,0.040000827296654065,0.01458460872060337
"INTJ,ADP",0.03829971761950391,0.0437037827717937,0.07883763028956198,0.06318028682962913,0.03844948197907991,0.10381972276815597,0.01987753002293355,0.0832856705207428,0.06767113322233642,0.0197841124231196,0.10194016027477482,0.06734676998698279,0.07507809200898181,0.056227994247773784,0.06218634373807881,0.05873514282900591,0.02157620386344879
"INTJ,ADV",0.07032453633822006,0.11119938144852845,0.09078919867347893,0.07900851587828805,0.10971295106602953,0.07197848976888424,0.015561340010435068,0.03314270357386859,0.03543247810457393,0.015430611116768161,0.07117691341300246,0.024613429998486935,0.10606288842117807,0.05747340610680326,0.03050157213219587,0.05804868896827707,0.01954253455083671
"INTJ,AUX",0.07623084482326056,0.09805268861314918,0.08645828087289031,0.05275226718495601,0.05813774879383011,0.09338708520656033,0.01838296865197246,0.05586541637362861,0.07663323999646895,0.018357997984937667,0.07177802731717702,0.02896218716913679,0.07911619489579469,0.06038475003239011,0.03242505975130182,0.07303059865684769,0.02004425326469458
"INTJ,CCONJ",0.06639521692878761,0.06500290793801139,0.08448321362242034,0.05987773263289417,0.04823481021296277,0.0716805493250285,0.02449370172143652,0.0654257865876757,0.07916864391924798,0.023969531371245616,0.07084070153582982,0.058111358806423784,0.07590485781188532,0.060058458995292545,0.03469553067132763,0.06976887785987496,0.04188793723323978
"INTJ,DET",0.04694213354589309,0.09342292785075394,0.059986899028554606,0.05365148140557471,0.04702735911163943,0.09922042037458394,0.019296787763489524,0.0708081044049671,0.04802196828661712,0.019194398954452078,0.10077853068750407,0.0455800579283472,0.09480488205266885,0.058612993410798744,0.058936792413489744,0.05349264900796802,0.030221278848841657
"INTJ,INTJ",0.03133766343248082,0.11300763633021592,0.056383055188370064,0.056902615744618176,0.14964919942295415,0.07031438024240103,0.017713760774876967,0.024695096126009196,0.03097733024116583,0.017775295420215373,0.06046077934882084,0.026639499134914917,0.19549102674101698,0.05580468245025194,0.03486782860770213,0.03783095518968905,0.020147895514415023
"INTJ,NOUN",0.06946541158053314,0.13628823037336416,0.08627799241970953,0.05476234944175804,0.13179781693810222,0.05040789880682645,0.012847862209706464,0.029850475381155973,0.04157733408489391,0.01281771267502766,0.06114885403061551,0.029363043968416512,0.13638640409829897,0.060064775381678974,0.02533393662917578,0.041637373747557015,0.019971631332928584
"INTJ,NUM",0.02751251152723261,0.1301085056016897,0.03801743699324169,0.044612114200741085,0.11909801494967441,0.040576419282055576,0.014364116752861303,0.08209176409277211,0.04545718930134338,0.014479345976437893,0.037070456456304184,0.023381053416262735,0.13804764809889672,0.033668341230626495,0.1635453760426461,0.03063165158967789,0.017337333241809253
"INTJ,PART",0.03128384498324197,0.11294829674816452,0.056293844087643145,0.0568727539985005,0.14959440990202705,0.07028309687767663,0.017693995932807995,0.024648464795363992,0.03095479231244365,0.017755519472781738,0.060422205202760405,0.02661536981572461,0.19608312922371837,0.05577577569708043,0.03484240173803744,0.037810998576782974,0.020119802544657964
"INTJ,PRON",0.04657343608250911,0.0926156083371964,0.08947558954774851,0.09522940868366811,0.07106318922464934,0.09181986293457763,0.019399283342171496,0.03376901766495298,0.03156329860637536,0.019105158781003963,0.08704968940488053,0.03833304631437638,0.10188017971365641,0.0609421839828502,0.029300705900056873,0.07121499030030605,0.020664996343995014
"INTJ,PROPN",0.047773882310651605,0.11195078191141239,0.0728727638534622,0.06966881878968742,0.1406114081226412,0.04759125668696706,0.01621098681804434,0.021104878314719574,0.03795611879728932,0.01634077377601395,0.04879125408581555,0.0767515977702181,0.1605143965172536,0.045179286292145855,0.022925849551109153,0.04517685726496329,0.018578231313635212
"INTJ,PUNCT",0.026687007578862245,0.06415127768506321,0.1173733466912796,0.0522949063674999,0.04366201840235671,0.1259628200658477,0.01848556828619491,0.022995286999313157,0.03168279482314378,0.008793296934531188,0.16694118765098012,0.0424849365877353,0.10902110418687594,0.08661250933216849,0.01828005236956806,0.04306492636595329,0.021506910544377075
"INTJ,SCONJ",0.03558719663378741,0.08330637304143118,0.09175836184196143,0.10082448670635998,0.06431907347463044,0.10111797807565383,0.019961863350293436,0.03624128223377643,0.03499384919703795,0.019874963847707483,0.08882463492502041,0.048862407049695224,0.10851489798157742,0.05013636415490596,0.027158326060228846,0.06722338515625664,0.02129412541956129
"INTJ,SYM",0.024738273296237363,0.1438325662176816,0.04560820858341244,0.04709629550560228,0.10903109082254825,0.0643444137422871,0.01394403484322994,0.019608416140631288,0.10667731524656367,0.013805667476834241,0.040388369738782626,0.029923536234391465,0.22107180651683353,0.03638255567810183,0.026726211218899645,0.04005063787762212,0.016769948300629254
"INTJ,VERB",0.03920651507710849,0.10175072555350548,0.08096164528618499,0.07995708842861045,0.07435238581920807,0.07276889531218085,0.012796037707471602,0.04854430412793434,0.057727674412779734,0.012792644084153516,0.09743164232164066,0.03483912793345501,0.09314798196671521,0.08556904604557501,0.04609851298233737,0.044717696942867424,0.017337478103697755
"INTJ,X",0.030263395935217013,0.12538698573585955,0.05327302687253585,0.05504997789995393,0.14333108951007917,0.06277167017866882,0.01634999633542375,0.023941212126709535,0.02811303021384994,0.016461147233224158,0.05416925400438324,0.03736237276709971,0.19405055631993606,0.04990292112447613,0.03160361594715076,0.037681989555957314,0.040286599450103634
"NOUN,ADJ",0.00970680057257962,0.29893485210038356,0.011223983107885313,0.029430199596993157,0.07499875717639826,0.0011566042526983946,3.0462711229075353e-05,0.0011371390924029164,0.00020960176370959238,3.028099370654545e-05,0.014728414491013607,0.004383715006832464,0.5270492486948115,0.001752828750116264,4.385700906637692e-05,0.025147614654057644,3.563958992435537e-05
"NOUN,ADP",0.005423247206980225,0.0008488780469659327,0.009088908916522883,0.002033838150739916,5.690228729093354e-05,0.5628084937774087,3.241729712634039e-05,0.2486018991244796,0.03314746094560701,3.2186611707312184e-05,0.044705736125882065,0.04609166793968077,0.006224177169909951,0.008532296256379026,0.0031249475434887044,0.02901176211419382,0.0002351803629178915
"NOUN,ADV",0.24451190773290923,0.16459212800187228,0.04825726803799996,0.1899158763093444,0.006261551922116179,0.004390412236092499,0.0002665335938719181,0.0027916652183250725,0.0021708083421277916,0.0002655106457174455,0.02602184229151286,0.0012836969732702764,0.08542162205337014,0.014129086251754141,0.0003548691155933264,0.20904024654550957,0.0003249733583019075
"NOUN,AUX",0.14703632799869248,0.14444648827095474,0.10258783919905447,0.021855569985025435,0.0006182693330668796,0.13483347030161857,0.0002887987199208816,0.022580364707287567,0.0069291558534884294,0.00028485337282031705,0.029714049837756717,0.008128326665393846,0.017654028387787707,0.04054122807159563,0.00036134805639289664,0.3218290625704897,0.00031081741410217124
"NOUN,CCONJ",0.009174189462041188,0.17038414884221204,0.04474859231722357,0.011056071568008164,0.0005973773654045085,0.15591906824799148,0.00027378725217353173,0.354762658585848,0.026191719482093957,0.0002722612555065134,0.03231539157007789,0.004679967268471849,0.023013275713492792,0.006430588101971426,0.0003509077299874887,0.15842184211369528,0.0014081521084216395
"NOUN,DET",0.017647839210507422,0.0348579632949178,0.011800284388610008,0.004562634036532028,0.0032406645868226893,0.019663421014706986,0.0017210108414203516,0.7688850002586421,0.018049383120805673,0.0017129580541773344,0.026565318824874246,0.020517681021815646,0.048640775711743675,0.0035946209291108215,0.002381219365939506,0.010844028286840734,0.00531518669625238
"NOUN,INTJ",0.029893643947131683,0.12679423319894795,0.05343978856221136,0.06553043506159908,0.1395353655968662,0.055702423312703746,0.017073558709183718,0.023661190250385974,0.029782702414330064,0.017115087786493753,0.06324166127780873,0.026638740861029676,0.2119104223255113,0.054684373420558714,0.028072645216233573,0.03788956831781268,0.019033308813142684
"NOUN,NOUN",0.038971974271030045,0.3560838437509364,0.036067122569870116,0.019641420003024223,0.07849941090365266,0.00370659185082478,0.0011566956356604055,0.005663345466283375,0.013204359227154001,0.0011458275730736602,0.046597092670657494,0.006638677690725359,0.34108186112794103,0.007345319461300853,0.0020435925953632143,0.040304728671960305,0.0018481026642907664
"NOUN,NUM",0.0027953866294188638,0.1543689034821566,0.01708538760349761,0.00593411258070352,0.06617430438883638,0.001861982549666106,0.0007492665970836494,0.07931181008973118,0.0036769420522423948,0.0007503092283362156,0.004396511476233615,0.0015203278476783387,0.6420687533198407,0.0018607896161277324,0.0075435556438053965,0.008980004967809888,0.0009216387257672468
"NOUN,PART",0.030061435962748552,0.1275677938300121,0.05370932469324512,0.06594073147202424,0.1404145872566418,0.056052215285704206,0.0171771380529005,0.023800829533697557,0.029966503426691403,0.017218934834890585,0.06363524641206812,0.02680251461444054,0.20710652668873236,0.05502633956505748,0.028245150163003496,0.038126139647288976,0.01914773334787085
"NOUN,PRON",0.003973789483405602,0.005008305265287825,0.10634255790489094,0.09396080899597894,0.0010603646299469905,0.042929578797646785,0.0003772050549748342,0.0010003151051789067,0.0004824389464312615,0.000377574396093917,0.11584002780563946,0.005888220161294678,0.023978694725683657,0.0009183265088482238,0.0004566868763457486,0.5969736824091223,0.0004314211021689045
"NOUN,PROPN",0.001912515956122244,0.09351701936052134,0.008409158369558804,0.012140481376803139,0.05883630531028446,0.0009047316784929552,0.0003548011770258956,0.0005024852161181673,0.0007157915033081252,0.0003522174141246776,0.0022611069431118956,0.4870897083606574,0.3060118437685932,0.0022192686606521666,0.0008443767720870297,0.023165773575883487,0.0007624101350353044
"NOUN,PUNCT",0.010930553202688988,0.1796839177105602,0.07252721904024413,0.04798987329915688,0.09732146984162339,0.14579974670335263,0.0003127064788396713,0.041106765268489005,0.055073594747373375,6.623500810365389e-05,0.08198818795566333,0.03269121219372056,0.0904632402331836,0.018091963645827703,0.0019996344559326798,0.12311793036825502,0.0008357495963381349
"NOUN,SCONJ",0.006117796986807936,0.0068568943534692076,0.10087798958249344,0.07543082981599936,0.004854129561414853,0.26154985024744726,0.0018389620536095703,0.010020745662288328,0.006082927897730981,0.0018405567988713416,0.1552071079836135,0.028081243040083952,0.10769691838971257,0.009450932106888153,0.00229118971002848,0.2197329993520467,0.0020689152981456234
"NOUN,SYM",0.014711238491356077,0.09418267221599286,0.03839134031365254,0.03424683508321262,0.060405295792802426,0.02586736135324211,0.00821504100896715,0.04635472692787961,0.15834245712061668,0.00820123725839375,0.026567488933783724,0.017971407641824852,0.4006730125096878,0.02390719569249937,0.012692134084640148,0.019979395777125666,0.009290892512378713
"NOUN,VERB",0.012557075967945724,0.4546073488889484,0.06077464932920802,0.05302238843091627,0.007892586278422818,0.1122686022189785,9.660286705542937e-05,0.04781990717775699,0.02187017786854917,9.589677694456673e-05,0.021654530500385304,0.0017875399882526662,0.08319502736502386,0.07168909861681597,0.0037716071640418423,0.04663769568507391,0.0002592638183191825
"NOUN,X",0.014163137722572921,0.07233888058016999,0.026249831562065347,0.031310025228838155,0.059530869133204115,0.026205921607110546,0.007665532340973766,0.011478424881998423,0.013174216747424432,0.007709421974573056,0.02781916766548774,0.018267213092551787,0.5593885161676093,0.024457235569829042,0.012249209302643949,0.03767211886488709,0.05031998820288062
"NUM,ADJ",0.017601097843554504,0.1253090480885354,0.020503472981780464,0.019352264073045827,0.024465199615647415,0.008699607661954711,0.004832234372679344,0.4465889865887088,0.006766199667599245,0.004849709192002143,0.015410709943450824,0.032168357725641535,0.22424789761049663,0.013020630180162267,0.0065443367084574095,0.023836537279633675,0.005803653648914804
"NUM,ADP",0.0010494028082233193,0.001490984681627681,0.009149734552632648,0.0012582804688654873,0.0012122357419545224,0.5758375603847172,0.0005735723422808908,0.14636314572611203,0.11307558737856224,0.0005655902719873052,0.0863183012585386,0.02871299310540958,0.0018055749658145897,0.001175777627759324,0.020582577502531636,0.010183247874796204,0.0006454297712080839
"NUM,ADV",0.07765659288368998,0.04227753594910481,0.04303405057511854,0.3663258922329344,0.03581089357272752,0.02223415126754057,0.009321500821898969,0.016214638902558896,0.017817150976896675,0.009323429806345067,0.02839818264988644,0.015703244903828663,0.04012834748321204,0.023291558630254484,0.013473530261394709,0.2277408941944669,0.011248314161427155
"NUM,AUX",0.1941220355393572,0.09249523233617335,0.056624485578613035,0.018093721512927596,0.018470254707610594,0.10075697096331444,0.0057143527062983234,0.01721699915433721,0.019754188170569467,0.0059763383797605315,0.02137566340049563,0.010061620819053516,0.027098769700788006,0.015395804405829952,0.009880917684329592,0.3805077307281674,0.006454855563269055
"NUM,CCONJ",0.009375445107926999,0.03584498986789424,0.00939062758317491,0.024158936600449814,0.007272828370756551,0.0365046031879631,0.0033427032876793697,0.04031449896665812,0.65446111227835,0.003315358020588125,0.03425380919775666,0.01708620522129959,0.029876002393253127,0.007687080081415877,0.017664698669984616,0.06344221202565611,0.006008875648163679
"NUM,DET",0.026146646210018814,0.06562584088444072,0.045140094847427266,0.030366719509236636,0.03677457167354628,0.04463522529835412,0.013908219544762053,0.2102957356096507,0.06473903023571106,0.013878536000664979,0.057696292567739046,0.1265278828744503,0.044821443654881235,0.03446689097690283,0.133829596651286,0.028192567001211494,0.022954592059133635
"NUM,INTJ",0.034326935376006514,0.11622002744574217,0.06241363215703525,0.07245967127897855,0.16502997387101337,0.05790366409322636,0.01902471431275397,0.023963516481746057,0.03466710111783637,0.019570177361686734,0.053881140237637314,0.023719960570841657,0.18019191568884843,0.04837087707336356,0.03130438081262455,0.035673870164489634,0.02127779456108264
"NUM,NOUN",0.050759759174380185,0.3258414474215979,0.03538714795342642,0.019060398850929985,0.0494248152500851,0.0026153846664289226,0.0001248657386544801,0.0006937391777267811,0.0007685445583812097,0.00012581581583908665,0.01215498990880276,0.0007245054703806958,0.46520332566406575,0.001819763541814288,0.0005302358166669422,0.03457907909253628,0.00018618041837270587
"NUM,NUM",0.006117951069238454,0.2338932522162599,0.019723794101654375,0.03584525236099133,0.013921990093637477,0.007037027010495845,0.0013007989371469446,0.35473136630091207,0.00406316048112237,0.001322943124305446,0.0025219776550664775,0.0018708487557094029,0.2777645099714526,0.002312025572959662,0.019579097092706433,0.014595229675352412,0.0033987561424322866
"NUM,PART",0.03424876121374031,0.1159666839458998,0.06229031955217857,0.07232811856581811,0.1647392802626028,0.05779913972117368,0.01898541232351814,0.023906729386371638,0.034600804838761476,0.019529948325036562,0.05378035859354139,0.023672373515156876,0.18178748180717547,0.04828081362835341,0.03124313074264192,0.035607503694154545,0.021232494438143203
"NUM,PRON",0.03520905899993132,0.06298484798975061,0.12742602097361147,0.0654363441297821,0.060678380260850914,0.05295808489807111,0.013065399025032754,0.023166969582871188,0.020933772577797764,0.01307962054735551,0.05510592729800918,0.020719179574246807,0.07138389658965186,0.035323527372455296,0.018750668251845674,0.3096211323141116,0.014157010132578194
"NUM,PROPN",0.029507944076965335,0.13084023570184997,0.030777825860980903,0.03763791970831381,0.07276298252390519,0.020797782622693568,0.008540008208164973,0.012425644879817396,0.022228078942076786,0.008572841791092441,0.02686164895830176,0.2033584429393374,0.33125442240611214,0.02245603821886454,0.010781220971210337,0.021984082315717357,0.009212642466353626
"NUM,PUNCT",0.0010721927444145784,0.16299399983022578,0.058112233670011997,0.030417369406933268,0.09253256541408793,0.12358972016205523,0.0006474893762557726,0.034482409370647914,0.035956526493550696,0.0004232136917125371,0.03277288896615713,0.007077829838319166,0.3154384101650066,0.02738774692263081,0.0028473929584013455,0.07349291218065493,0.0007550971921184746
"NUM,SCONJ",0.03740778617882119,0.09438536680521478,0.09561036552009945,0.09823948950097365,0.08355561141140144,0.0819967330683643,0.018363254290809497,0.03355683685690984,0.0346571791384659,0.01856732017410549,0.08665961515069527,0.037002121308746506,0.12637391125054817,0.046846269685108015,0.024562013186684547,0.062314604310865315,0.0199012228901507
"NUM,SYM",0.0008483610328854768,0.6223392190406085,0.02191196246133157,0.0025509608358246475,0.01091518761329778,0.001101368531980607,0.00020723653972156184,0.0005652298771206598,0.0040276581773544965,0.00020442917142404264,0.0013494196778441835,0.0005720139856162456,0.32737642844859755,0.0017524762799847214,0.00035588484060813984,0.003671371774522786,0.00025078722145169843
"NUM,VERB",0.03475440963078896,0.28608068703892264,0.07393036925028,0.03707266475715732,0.04414800284484066,0.17659614082448022,0.00349776786970258,0.09303126722684216,0.04203188540652325,0.0035115617536768924,0.02041429919902944,0.008197308583551974,0.1022356824416837,0.030733580586857833,0.010387348998544951,0.028435507239831015,0.004941435611580145
"NUM,X",0.03006653739626357,0.2405672898823097,0.050017394430208605,0.06347004335610353,0.1363909756494031,0.04495472124149402,0.014941991442681038,0.02035205663835384,0.026796000961158757,0.015417933034662441,0.04137631984547437,0.027344901634119807,0.15506399264120319,0.03744758467580859,0.024546042201001064,0.033184563525972204,0.0380611405477999
"PART,ADJ",0.053419951382447636,0.13042161242837627,0.05984507327947035,0.06223754737116094,0.16144540565224055,0.05489399012978618,0.012088237784279419,0.04553713055513737,0.023199737868032352,0.012135221480955312,0.05876180383093524,0.029334508103964117,0.16181459568256498,0.05916236074048528,0.02092632761341254,0.040070219866087074,0.014705516067804176
"PART,ADP",0.03883748676985001,0.04349712408139357,0.0780009619340181,0.06125268463919815,0.03828146867107507,0.10343431330245713,0.019854406421030164,0.08391604547076505,0.06756247818933925,0.019754852869786576,0.10201221102903686,0.0675550262731098,0.07706326423694507,0.05590622069026753,0.06258769487724426,0.058972953878187205,0.02151058221019899
"PART,ADV",0.0715105970256887,0.11330587872249032,0.09157811149342138,0.07852824109670195,0.10751355752710558,0.07230480424044151,0.015160184481554208,0.03331592970019588,0.03468922597277847,0.015023073654268625,0.07036994735707028,0.024411321317506608,0.10680543784400388,0.05748056158483363,0.030335105912856125,0.058123217186877546,0.019544442022174917
"PART,AUX",0.07639431510513513,0.09903868607878177,0.08792249966811828,0.0529114450129182,0.05755349746782019,0.09158185056662999,0.018347632822780145,0.05617267691012537,0.07643473694421044,0.018355315256263494,0.07186575911235779,0.029158754324007913,0.07880138415096051,0.06014404190265584,0.03248169793692782,0.0727908447957968,0.020044470574612835
"PART,CCONJ",0.06643983912794031,0.06441185623701323,0.08493596958685626,0.05979230476130541,0.04811800504880694,0.07130281728168988,0.024503254959283516,0.06601433551983649,0.07929742139121337,0.023946727270116357,0.07091635961263423,0.05794920508316457,0.07513643183385733,0.06062535672893983,0.03468278213657098,0.06974759835563568,0.04217955409358118
"PART,DET",0.04748921667304454,0.09179427526852495,0.05958903060480253,0.05374276350343005,0.04724537910552096,0.09945277992669015,0.0193805782765927,0.07182329467979368,0.04831847254961134,0.019264679016067276,0.101964117855683,0.04603676955601954,0.09157363213659063,0.058976176183458115,0.05885112116946994,0.05409421727588757,0.03040315678368627
"PART,INTJ",0.03171630314955484,0.1127121929414509,0.05598641280429585,0.05724054354965087,0.14825659724318732,0.07133538171791852,0.017831203416357085,0.024938329962976968,0.031102927357615065,0.01790196904538189,0.06053673297065573,0.026723016628102617,0.1949648020917204,0.055262376736185774,0.035072941888208246,0.03813861849984259,0.02027834233069771
"PART,NOUN",0.07009330186337742,0.13585448684385087,0.08568005531651526,0.05517448503559668,0.13145116145410413,0.05088498165493952,0.012891677499875888,0.03008396416908107,0.041762034673139305,0.01286642523379569,0.05961077639692647,0.029471283057042958,0.13720948923097773,0.05981765199886436,0.025468484050110374,0.04161044441395645,0.020068394778718607
"PART,NUM",0.02773409289808839,0.1277566775464758,0.03775699064541327,0.04493246605461663,0.11895223588467138,0.04169873201321963,0.014437087240381645,0.08266421595104734,0.04557005074129958,0.014555261833069134,0.03704303875655743,0.0234030839384857,0.1380317418884132,0.03348460947117457,0.16379260426731598,0.030775775735214672,0.017410608442606352
"PART,PART",0.0316561994390823,0.11263321080815177,0.05588636289729597,0.05719988468088331,0.1481744053271597,0.07129048359066001,0.017808072174234264,0.024887013622973145,0.031074569710931182,0.017878811012037404,0.06048678677403939,0.026694011098114867,0.19570684232676794,0.05522329798612011,0.03504090274831751,0.03811145771142719,0.020246382680359293
"PART,PRON",0.04623840772925527,0.09376118470540848,0.0893706315836539,0.09599673368095663,0.0705445882862641,0.09153394135150747,0.01971975641229095,0.0328251918788866,0.03263934114407298,0.019423904018002012,0.08710501918641572,0.038394535158250476,0.10124012325149159,0.06132236433978745,0.028193266598941624,0.07079142032405684,0.020899234389691063
"PART,PROPN",0.04833432826619602,0.1123572512039114,0.07041792624677996,0.07015091643378346,0.14097117649621674,0.0479750149978276,0.01638753130227191,0.0213392242924074,0.038353584676695925,0.01652167011497582,0.04834243066722655,0.0773315899272579,0.15954735436770642,0.04496884927489117,0.023171514828472288,0.04502793531167152,0.0188008356784436
"PART,PUNCT",0.049591632947983716,0.07627553754014114,0.06758424913279706,0.05783357377403609,0.09602053947110199,0.06251070170254425,0.033624945475256234,0.04988886011942219,0.07154681200762263,0.017650288881676423,0.07316867952488237,0.03942970286400078,0.0954979882659203,0.05688293212800765,0.06864059271063548,0.047114295539040785,0.03673845311981974
"PART,SCONJ",0.035626552285455027,0.08411988405813862,0.09148530962962015,0.10063359048048859,0.06398676630266344,0.10124378339329117,0.020256444893744483,0.034721235011128296,0.035748626210272784,0.02016588430469652,0.08924861489499844,0.04897128922035579,0.10833202607605917,0.050130378140468335,0.027017161130321453,0.06678112834545384,0.02153089379886259
"PART,SYM",0.024400566314018435,0.14427372837872324,0.043955331756369884,0.04614152828769496,0.10534020657137005,0.08373692568296948,0.013878918294451729,0.01928074323997366,0.10353581937843481,0.0137430407353091,0.03977087002797047,0.029297010658738094,0.21435998441978893,0.03523339551902635,0.026306522905200972,0.04012537233906383,0.016619401663613503
"PART,VERB",0.03950061580166078,0.1022973859113541,0.08038125127233997,0.08097958329860411,0.07410646733987684,0.07295573643498471,0.012870304840150917,0.04888173807072807,0.056695908181697646,0.012871575127835537,0.09652242139528841,0.03489439446474792,0.09332409240069166,0.08459708405677839,0.04635669085489603,0.045354927730106444,0.017409221042348183
"PART,X",0.030545213726439892,0.12521338609871438,0.052671052635829996,0.055321533984037836,0.14227263032419,0.06360610117879444,0.01644444030321993,0.02413280691244383,0.02820438096309391,0.016563824098308127,0.054182662436466154,0.037537890763034085,0.19381427839632653,0.04937457062504997,0.03175940543706751,0.03782372216288439,0.040530935770220544
"PRON,ADJ",0.010852723188126492,0.3758135732875292,0.030683253096852593,0.048153255289799385,0.050219113596659315,0.010037414317592273,0.0008666899882679849,0.01830307174492246,0.0022532228367473056,0.0008649559227404137,0.03801481932781609,0.004061862493994896,0.35309672383363155,0.017952007012847833,0.0013827605907970185,0.03643247321826762,0.0010120687457145002
"PRON,ADP",0.026512818298999846,0.002400625186925602,0.04050610847742236,0.007991995995084952,0.0012417305718526994,0.5254404763446511,0.0007000419733946588,0.1423455169966592,0.019154887643801202,0.0007003493359976993,0.14069494124955667,0.03975621830913921,0.00437969592305648,0.0072441679514142765,0.0013755510749697537,0.03879216371933901,0.0007627084908733845
"PRON,ADV",0.06544129770776404,0.036311998543683034,0.04337839502460328,0.21871804895470245,0.005917845208494539,0.014656448955536212,0.0005143945957680122,0.001905809704276002,0.001062283920074233,0.0005127195467235293,0.07259518990625306,0.0008402459699952541,0.051195174219914756,0.004336200414129373,0.002710788091753322,0.4792831018046231,0.0006200553274682261
"PRON,AUX",0.0938112116997116,0.07497781364700248,0.06442357073713999,0.020478893766495664,0.00625776589926036,0.250874857586242,0.0005848555528910327,0.037989605346043315,0.010029141337488386,0.000583534636514938,0.03784614759410572,0.0036361958795123896,0.0236087575495316,0.009399160011512961,0.0007641834546638873,0.3641045451220012,0.0006297581559269557
"PRON,CCONJ",0.013959297672317253,0.15151249180554327,0.10887183001358465,0.013074102659926142,0.01244304017615985,0.3158816627026013,0.005799591481522122,0.013506991971733197,0.013776175670920258,0.005849563557038811,0.16698921818086687,0.026072470145432746,0.04617697263024802,0.013165743740206992,0.0074538756433011584,0.07563459384381144,0.009832359208794262
"PRON,DET",0.03140085240017344,0.01694504022697685,0.002812809199817623,0.00850163959881302,0.002776013179676628,0.031992362180916015,0.001698013328041746,0.6819424972315393,0.0034003127540403475,0.0016806541095473026,0.014270058691935235,0.13264844587854288,0.04375731647910607,0.0048783314550360675,0.0022239214960385317,0.014223570466239314,0.004848157045433636
"PRON,INTJ",0.034154701832206494,0.11219628980262883,0.08002834430932088,0.06771612263494817,0.09832668684737618,0.09157013990924615,0.02027061223291219,0.030056146279713543,0.035829767303005064,0.020245312660098658,0.06973695701714372,0.02983803256069995,0.15959819325578337,0.05292542642153715,0.033089705191817524,0.042468288743325984,0.021948988235199408
"PRON,NOUN",0.09034792682149025,0.33793000979966104,0.07455483712466117,0.016952165064564192,0.05666323061063591,0.02001394960961712,0.004457398034560876,0.010849687989937021,0.012570179194841982,0.004347514719087253,0.04614323969063151,0.008158848389662866,0.21709216935118847,0.016632445757782603,0.006970215524918,0.07032523999988645,0.005990884679946072
"PRON,NUM",0.032611615126965955,0.1135647505950691,0.05869698354960906,0.05139064155161462,0.06689684609508154,0.056419571788965055,0.01655403282683751,0.07627053352833038,0.039573355041748026,0.016540996070543306,0.05089501451398994,0.025252287835040726,0.11442642293909844,0.03625426608897212,0.1909019261215923,0.03374453586884094,0.020006041176668477
"PRON,PART",0.034529887994379,0.11346203298363251,0.08092625344291707,0.06822427076285313,0.09944162602345341,0.0926122966018072,0.020490466530653617,0.030353404799558104,0.03623084612140683,0.020465086913339644,0.0705247583202401,0.03016751665889922,0.1504567116724997,0.0535210434421927,0.03345714759139645,0.04294793722764161,0.02218842526771927
"PRON,PRON",0.00180488378919314,0.02493834487617937,0.0894270057811319,0.10109445968016795,0.003519923337451724,0.08431442182646479,0.0004581982397364289,0.005410289015618624,0.000653539548434165,0.0004568448115458031,0.12788014144754978,0.003913004738325745,0.031157771334613962,0.0010555862123778023,0.0005833786377383684,0.522837203195235,0.0004950020469106621
"PRON,PROPN",0.015649634007089835,0.03445563300781472,0.026252305778441454,0.07305737180982044,0.10698138766456697,0.023264987199795986,0.0069545545729358576,0.008554166702583887,0.014213207731151966,0.006889707734575147,0.024954898124918717,0.15995995179341596,0.12781631437190027,0.01701880033079369,0.009005593505460582,0.33759013189178677,0.007381285209771476
"PRON,PUNCT",0.014797260510653722,0.1635404351324396,0.10946153301594842,0.04379115442795452,0.09133941486301075,0.21845966671537795,0.0013772498865156583,0.018606675519227765,0.009336748945485892,0.000653777872781398,0.07900403212687705,0.01488122168443499,0.07688354172038271,0.022895112056780152,0.001483693452687852,0.1320478270114111,0.0014406531842408934
"PRON,SCONJ",0.006870389078434036,0.01732290537591878,0.18413137078867545,0.017618453060947014,0.011294305863737173,0.42608307752226865,0.004165783461013794,0.011926252816877253,0.013680975820495288,0.004192961815987862,0.1471993058091966,0.014317500680022946,0.01766245829938627,0.010930517919572665,0.005487558387476631,0.10271907035652916,0.00439708692602543
"PRON,SYM",0.0260367732867823,0.1234740495958577,0.06156198247906789,0.04783745133663946,0.0722708488788215,0.06125786614885386,0.015151171469123096,0.022651034372291927,0.22236802305198358,0.015063561863734778,0.0487865755352478,0.026240526236645415,0.13950737241512898,0.03769609787387632,0.02390769080208925,0.0399337134574052,0.016255070155911464
"PRON,VERB",0.014133045406258763,0.3498092952321485,0.07373480867045895,0.023357116699634393,0.011985846961884492,0.17886200555817783,9.360843754363177e-05,0.05516206141624007,0.009990679102957247,9.296162373930845e-05,0.02490492664589917,0.004557728988014323,0.1515715298276702,0.04193154403301075,0.0005156509842156077,0.05904880570787895,0.0002483841906040941
"PRON,X",0.03343267214638789,0.12668487496114375,0.07454995221473752,0.06445615713961166,0.10194145809145914,0.08518901568874741,0.018999096527996504,0.02981464480479207,0.03344532138025126,0.01899560424789297,0.06494441850985104,0.03699604087978267,0.15205026596074955,0.049293816954604115,0.03092007851161981,0.044852151305996756,0.03343416403387514
"PROPN,ADJ",0.014518283348820995,0.15121789955940115,0.010804119718400187,0.012138960651174448,0.1148760034700061,0.007375242471957333,0.002216065915720451,0.014759561457525796,0.004235466073050412,0.0022199159130190118,0.008267489104924041,0.006097270111124654,0.5216781220320109,0.008832125065430303,0.0031981501955744038,0.11480185746690848,0.002763421871111065
"PROPN,ADP",0.0008773742905066511,0.0006207790757514507,0.009221726597159401,0.002431893586541821,0.0005069799686182143,0.5580925613928762,0.0002556305110888303,0.06821961594175363,0.04965275771529116,0.00025627828586718304,0.009506538917236932,0.24279003479867556,0.011164941176725087,0.0024314996744810653,0.0006243764769569508,0.04215794855972503,0.0011890615355460543
"PROPN,ADV",0.012619847873234032,0.06240555102980129,0.09107055738029414,0.2629843622288487,0.0032755266394023327,0.005859208730257654,0.0009424042299971071,0.0016345126671682467,0.0022322703323631172,0.0009389661159889598,0.0485819304337432,0.001481302873202612,0.024299192349671487,0.0064123836308682194,0.0013192605697663691,0.4728057685994722,0.0011369472872006807
"PROPN,AUX",0.0709963685476291,0.10341320199755409,0.11623443650604821,0.014402574432728348,0.002124877920946847,0.20611274492173975,0.0007261433963354235,0.05084078425741134,0.0295638294819102,0.0007251845309949903,0.032024253985174396,0.0025426742275412397,0.012746612579269196,0.0048417928772577536,0.001027723638754342,0.3508569034940036,0.0008198882130454626
"PROPN,CCONJ",0.0017080501720344022,0.15688006165316234,0.02924627251512794,0.005707588792380533,0.0026863572618960095,0.1614664309249317,0.0006362350193424137,0.028067837473308474,0.009890430464611093,0.0006273703599189303,0.017983409747662566,0.48180998319715207,0.013877093885397476,0.005610793901785723,0.0007976950025056793,0.0818540901215291,0.0011502969195216603
"PROPN,DET",0.02623393146477569,0.02404574425577277,0.024077596459844496,0.012755577151904306,0.015955011102258342,0.05677123214299318,0.006705243000766414,0.6820644541012295,0.013000295054511996,0.0067665970964907885,0.02944832162121772,0.016272649288406903,0.024415649325683787,0.01508078491711819,0.012666587649907836,0.020823789058100933,0.012916473065145718
"PROPN,INTJ",0.02630503514793687,0.10457923113243812,0.061595568961270296,0.06380180171479594,0.13045867041935608,0.06739352210185898,0.019097802849635998,0.02627294447196286,0.03579534364224209,0.01927757522928092,0.058825267950220604,0.032805221986524566,0.20795228556842232,0.05089536366386828,0.02999124538208277,0.042976790065755104,0.02197558969173837
"PROPN,NOUN",0.08003019773132097,0.2194240175547498,0.05415422730983335,0.036760313570339605,0.1471454688139887,0.030426549786186863,0.008629411834572626,0.020009860666848744,0.10925355575429513,0.008639692248611483,0.07736414558868866,0.023856965537066725,0.0917333111635707,0.03519788347945031,0.015340203033098536,0.028227318400115144,0.013806519715324744
"PROPN,NUM",0.00878447616760551,0.1017249543575644,0.03459325987085718,0.01622522745457317,0.1521515644730288,0.015267196156902769,0.006439818461926216,0.15233834816569772,0.030146060158047147,0.006551027764163231,0.01374968773985558,0.01037598657047171,0.38420958605853245,0.011609281223023125,0.03508958704224252,0.013079330337047303,0.007664488168922671
"PROPN,PART",0.026258750285300583,0.1044158451576965,0.06149922495337392,0.06372711828276986,0.13031393788211296,0.06731816129387426,0.019070776147314773,0.026229988913550092,0.035750747760165215,0.019250368110004516,0.05875513928793588,0.032763125522506174,0.2089887390459219,0.05083461235814955,0.02995200652075476,0.04292670565009715,0.021944014546294955
"PROPN,PRON",0.01281792781146874,0.010356311637716966,0.023557062317165617,0.03214451343435139,0.010342715332656292,0.036615011570390966,0.003239690436678163,0.006047193065657307,0.004708375172060902,0.0031703743258816104,0.027548405989113137,0.01849738101484983,0.05540220458712484,0.00849348992486783,0.0046958057623863805,0.7388600721662661,0.003503441511583974
"PROPN,PROPN",0.000756745505059171,0.08263796170248572,0.012452785420312676,0.021907429486720715,0.06700947110916718,0.0013853467051351902,5.68606642351749e-05,0.0003308178015558382,0.0008957852547769143,5.7134512486929066e-05,0.003543960067982022,0.10287451298060561,0.6638736079139723,0.0004684254488801127,6.391580323235872e-05,0.04162193848936172,6.33002788427011e-05
"PROPN,PUNCT",0.007929893170401875,0.17082303154407766,0.06190540686126168,0.029576217837478685,0.057102558613282006,0.07735108526214415,0.00035338736958296166,0.07590961473275679,0.05882359193465396,0.00010314267553813541,0.06956478612018412,0.11679763987798847,0.1843139497648621,0.008743484382535763,0.0017103107636616242,0.07857360789158803,0.00041829068695665376
"PROPN,SCONJ",0.008033623167894712,0.020389862706545137,0.10291508431903365,0.08677958214039065,0.01470704116539159,0.1444557823363567,0.005446048046899428,0.021368572478027155,0.0084732941732665,0.005456942726655883,0.16830080086943774,0.031317652449584,0.09694316747829326,0.030083555433304536,0.006796068723260637,0.24263355617635288,0.005899318260890191
"PROPN,SYM",0.021000580516141256,0.12281567395059262,0.061123362350759096,0.046049882676851533,0.09207198132437502,0.04458926353899819,0.01343315401572815,0.01902674330881653,0.07808981030535786,0.013487201286568128,0.0398084130175813,0.16066353198876918,0.1790593002804285,0.03500546689234908,0.021168833854964226,0.036603798149068494,0.0160026018192235
"PROPN,VERB",0.008269756657088427,0.279891032117223,0.05599691723781166,0.021063850134561326,0.008335885561472894,0.2218817219448464,0.00022197915161621567,0.07663871516633411,0.021178859974680872,0.00022271853028115143,0.023912191898774072,0.008161891389198392,0.051874795415162274,0.1443287636507044,0.005601184917734284,0.07211870850557317,0.000301025191930105
"PROPN,X",0.02330757655012821,0.10640069488922452,0.05272906975306447,0.05720122919092046,0.11943118667550587,0.05446777767469741,0.016075033514760043,0.023599253157540852,0.028993669256851286,0.016425754468978603,0.04727434828661415,0.08345990132657176,0.18290309986551712,0.04100357825085109,0.0247567695560475,0.03947064025017609,0.08249985399258239
"PUNCT,ADJ",0.004552533332299032,0.16162251636876507,0.006241653252410638,0.010185827798318043,0.19150428364236763,0.004828113181599989,0.0006535642718797823,0.1463289988676534,0.0024996720783420825,0.0006681244584211183,0.0038903155762262786,0.0020827380231610015,0.45286921222580057,0.005738051834839287,0.0011475246598502944,0.00432466445398583,0.0008621991863872625
"PUNCT,ADP",0.007401947317464465,0.0039543387827465646,0.021816912048858585,0.007750350553634791,0.000551277527704808,0.5095765359151854,0.00015453047827701977,0.20607928769559583,0.06594735754424923,0.00015260669590568977,0.06463491429552498,0.04360399543105089,0.006489218630568047,0.011971694169952602,0.014246621071585457,0.03515822383901046,0.0005101874941870317
"PUNCT,ADV",0.03701785819216486,0.23961420661840513,0.06757218392473578,0.10161510691325218,0.005055534986662557,0.03748436615580043,0.00026586194483712666,0.0055288564580374755,0.012710121738331822,0.00026836158947230463,0.05434170150787449,0.002870906039252116,0.17239306318810366,0.05437292664962896,0.0004270069486186914,0.20811941478073148,0.00034252124465140746
"PUNCT,AUX",0.2011013058138657,0.12287848469189118,0.07319516091884898,0.014281557130904721,0.0020510088962798325,0.20617140890048327,0.000687896256924177,0.01650637084408922,0.03531806545027858,0.0006818459832892982,0.04901450988835848,0.007190011911690735,0.02742466287538825,0.027554187746828763,0.0010152858713717318,0.21418357507108313,0.0007446596078259277
"PUNCT,CCONJ",0.013219467792491769,0.11262833561780816,0.15725587480855682,0.05828050834551453,0.00417349092749918,0.19913556200763544,0.0003563066886729434,0.01539776289339794,0.012457664463739321,0.00035487847807079377,0.09782416236723675,0.02667074642898157,0.15370271940967165,0.013322477088834564,0.000492231443466522,0.1329697563087866,0.0017580539117152713
"PUNCT,DET",0.02466103240333542,0.0022273229881192486,0.003787351742116676,0.0005535713153033942,0.0017008363261446858,0.019571395008898,0.0002906175030117575,0.7705399933200352,0.012672058353115509,0.00028985724204354707,0.019278130602278315,0.12790050802190042,0.012764312315979657,0.0015087826229150095,0.00038688620080575264,0.00039345343608964165,0.0014738898954892094
"PUNCT,INTJ",0.007249143064838976,0.02504395933798139,0.01582576541776722,0.009717108689161771,0.039719572132408384,0.018125444094871896,0.004308277537865824,0.00590328423400158,0.008011866187555684,0.004317617822307284,0.016026720701869182,0.007076444816280925,0.801962163856852,0.011806880406468484,0.010960423396209082,0.008673643802840036,0.005271628450359926
"PUNCT,NOUN",0.11092942299105399,0.46836672969446075,0.01767458848347823,0.002194631928443403,0.1698202164512633,0.0004981253788337959,0.00016492932716720014,0.0019736624031983538,0.013875271643244005,0.0001671771716252444,0.010612214284623667,0.003572044979537332,0.1839497213047223,0.0005756559078322683,0.00036277113107977275,0.01491519341804955,0.000347641570863202
"PUNCT,NUM",0.0009417204101918688,0.08460435950767044,0.002103668310018048,0.001095327320350258,0.012876186117148034,0.0007307761861131616,0.0002894667005655513,0.08902210711211817,0.001612644601476105,0.0002902789876300762,0.0006511625896430544,0.0009948198343511414,0.7307360869487369,0.0005370678785835112,0.06929605979481268,0.00388892412363496,0.00032934130038220834
"PUNCT,PART",0.02884751688450932,0.10430521371444487,0.060868762128983823,0.03870845086601004,0.17667024146919438,0.06528929183440493,0.016746916426510244,0.022997999052585316,0.03059543842215266,0.016816766935928824,0.06383716364723951,0.026788901290530347,0.19047482714152109,0.04730313558581011,0.05576134044173574,0.0331361878969833,0.020851613518845128
"PUNCT,PRON",0.010740747579491209,0.07168110916445486,0.12285817292869664,0.13805383920933567,0.010048484633268288,0.013673235952695323,0.00033320371769825165,0.0011145021186044234,0.0004886244617669291,0.000331677145658097,0.11809799765002305,0.001988332804916825,0.02089247924190011,0.001087381144728323,0.0004452560147327647,0.4878083207687961,0.0003566342788410077
"PUNCT,PROPN",0.0015693728149549291,0.07354466285302412,0.019979017432850958,0.016653613568454663,0.08820039572706456,0.00047948036017930344,0.0002040882357095337,0.00023659999474426657,0.0010293290724166825,0.00020577639331536185,0.004204714116776835,0.3634646918737257,0.35678448948806457,0.0004681158679600888,0.0003006762908513848,0.07242185420116147,0.0002531200939323665
"PUNCT,PUNCT",0.005475621852707846,0.13227211508325298,0.038956848510226585,0.023293681219353192,0.03843466151758731,0.07375680460758453,0.004967240272257382,0.018159272564771158,0.04291292884416929,0.000317819136542161,0.08708906874370319,0.059365667892813036,0.09569469876615903,0.013246812089071715,0.0016416805008114153,0.36283163723695355,0.001583440084634435
"PUNCT,SCONJ",0.007313224564870956,0.026929659675488868,0.10502380119440838,0.10097383659545844,0.004280647871572023,0.3471574814768901,0.0010439599387485515,0.006775230449825622,0.001781837004046867,0.001029277310680844,0.13169524275779546,0.020051245530152348,0.018164423166345617,0.020132816601124683,0.001498734459233201,0.20505109028285523,0.0010974865893801087
"PUNCT,SYM",0.006379815332774223,0.024909140412507264,0.009964426563301045,0.007006787257767368,0.027555231668950624,0.011454116789486865,0.004018124947557433,0.0052279086781291985,0.6825852138716556,0.004061557686906056,0.010540136544566424,0.008641958220218475,0.16980492965136948,0.0077802396456958115,0.008079907981065945,0.007290915290311056,0.0046995539851491675
"PUNCT,VERB",0.009615985401916516,0.2369354913945,0.03685329191399851,0.010905024629846452,0.006740938344092984,0.21601910850719672,0.00011345713219793646,0.054881336809756896,0.021755935617259404,0.00011238852717143576,0.07923255754016093,0.11872365535663328,0.12353487903862496,0.05496788851343488,0.003558772187116695,0.02588916922867784,0.00016011918298945255
"PUNCT,X",0.0039071242836961305,0.015354447757486078,0.008528913354162256,0.005654433610600237,0.018972290159822443,0.010134699325411478,0.002223702837365245,0.0031069468415863945,0.004054128922400953,0.002230312706194941,0.0064653435340260995,0.006635692506801135,0.7903230328743978,0.004792855180302823,0.005130124209415042,0.004088461700155269,0.10839746241981679
"SCONJ,ADJ",0.015917308681194692,0.1299380880811037,0.025802189778263714,0.02149871101252741,0.07445147528599289,0.1158642193563595,0.0051049074402551445,0.09491503087851662,0.011391255213566872,0.0050915448857202636,0.03115817576520899,0.010630571592582619,0.37595019990650114,0.052946399186587105,0.007782429963419814,0.015671301730300128,0.005886083707781333
"SCONJ,ADP",0.030408345281329175,0.017648948953843748,0.038592488618385455,0.012138293760654667,0.009501443493249783,0.5090680375449627,0.0055062599533859955,0.13875769324010323,0.041109038087235705,0.005508601664254334,0.09699672962014974,0.027622633135900215,0.01699618067818447,0.01268350792898853,0.010603484132632405,0.0213388199638228,0.005519467941294703
"SCONJ,ADV",0.023130427189203134,0.053406809362979875,0.03146925306873207,0.2069477900364321,0.015392860109611474,0.06853686970619341,0.0010196262415531868,0.008477153860533581,0.008540618718861909,0.0010081784125763745,0.03443663199129148,0.0030170975724838475,0.02632069977352736,0.003095046441750078,0.0014379133566109373,0.5125841746235079,0.0011788427899807052
"SCONJ,AUX",0.19205848807327072,0.10843018182952123,0.1466444506247335,0.01242823966628278,0.004338110469490736,0.15218691344441285,0.0015463428946632365,0.02232619621119407,0.008711508995200215,0.0015126307313154362,0.04980474496939799,0.00879778159929461,0.04620488259659539,0.009045090783048384,0.0021057808694967513,0.23227451262225743,0.0015841349716603707
"SCONJ,CCONJ",0.05291806195168379,0.07773773931414098,0.14876126400218556,0.057831063708532186,0.04610870839826877,0.07322487615372573,0.020540940350319083,0.051844321132959316,0.05829417103897614,0.020152389238906377,0.09456151595803128,0.04703350738011101,0.07083571106886631,0.06225419450339071,0.028001546300047902,0.05761660170607214,0.03228327560784123
"SCONJ,DET",0.029596874949345552,0.003913358993884028,0.0007727617794169494,0.0010379676700090208,0.0016783743486741855,0.011131391349153981,0.0005487112618349698,0.8307339256396722,0.00594573398315109,0.00054578589040283,0.007996765473663429,0.08664376704097494,0.01541610672334805,0.0010238993002350057,0.0009149477184019085,0.00074158924891905,0.0013580368588001553
"SCONJ,INTJ",0.03272433514433039,0.11475291188001825,0.07354551439311716,0.06662392688873073,0.10501503924141443,0.0968558026246483,0.019459174574789677,0.03096292863460862,0.035676718738382844,0.019319892796366398,0.07537196798735737,0.02915480166366819,0.15409940262454683,0.05064118189415889,0.0325201855764603,0.042414366310947825,0.020861429314461315
"SCONJ,NOUN",0.15951702746700575,0.3713547891555205,0.05588122782678443,0.036695823573674735,0.05337562991679531,0.011210976650774704,0.0033410574001033443,0.006336737673918877,0.006879832749331221,0.003294771277606332,0.06450202258090616,0.00458527851865875,0.12925054746998269,0.010897272529957338,0.004649068785461267,0.07425695985771251,0.003970920598927364
"SCONJ,NUM",0.015756957066386565,0.3422559332359258,0.02784722206711643,0.05324975575324382,0.03985336814875578,0.029181776928471997,0.008331189568343509,0.22877089535817155,0.020867174882936837,0.00832026962840289,0.027939580900105683,0.012060699490602745,0.053326799257732024,0.018316596995566304,0.08629025290226648,0.017631627495414564,0.009999772169877543
"SCONJ,PART",0.03290170299001014,0.11544053001252773,0.07396550724707615,0.06667184958446222,0.1056459516379628,0.09744310700362702,0.01955938914500296,0.031049144462922843,0.035877972137755385,0.019419605981927858,0.07581461732020345,0.02929385755946407,0.14964537646350692,0.0509336767751603,0.032703172823928234,0.04266600399661094,0.020968113111953707
"SCONJ,PRON",0.008173463133082821,0.03043737514335296,0.20388757490638,0.1942699418535347,0.0031930677042618484,0.0039883084468522985,0.0010644974869349635,0.0014787051706307195,0.0017509063494101256,0.0010606920781043824,0.041196450595917346,0.0015793917992164641,0.04036820880005234,0.002362949979162984,0.0013892593789058755,0.4626636547347035,0.0011355473782288592
"SCONJ,PROPN",0.005069790968797922,0.010557907690846049,0.04906745946785578,0.13971384281823046,0.12809975730609838,0.007679892306544154,0.0023915314607894644,0.0029676703239029946,0.004615533553950965,0.002388273416755937,0.05729246588275259,0.18392735313100209,0.0798462587906162,0.006366954648093332,0.003104534876147065,0.31432686102696683,0.0025838854772783663
"SCONJ,PUNCT",0.012566868464997516,0.5102978849817719,0.16306631596612736,0.017517102899690284,0.020548072789946158,0.059398126662372625,0.0047852441382443866,0.018966233613650824,0.009333378317488712,0.001998731314807138,0.033979820869101465,0.004676268497767465,0.009190211308162938,0.08697696825877939,0.0055717467198986275,0.0361647346331999,0.0049622741274562045
"SCONJ,SCONJ",0.010311214731773708,0.02654209701149603,0.07570004192562645,0.1564015730828131,0.017907066393756377,0.366798474816494,0.006036964861271011,0.010225020797217006,0.01180951584036755,0.0060186153212291125,0.14764467230110054,0.009973212707941008,0.029041724155382115,0.013944936081269043,0.008488127575062204,0.09682965629552209,0.006327032087537346
"SCONJ,SYM",0.02851204994002629,0.14816824678545085,0.06217473978134738,0.05510612196838598,0.09006512326290671,0.0757786996821113,0.01640642768159669,0.025978463675181758,0.09627365106373444,0.016217075986984505,0.059265021868633146,0.0299760232576655,0.16102286331974405,0.04116258492286374,0.026891877708643843,0.04920547903458616,0.01779523934299901
"SCONJ,VERB",0.011709283229161932,0.2290629078643635,0.04414598118060743,0.006706156272592394,0.011702250706266015,0.3673253568201013,0.00048425501332646727,0.07969261341684084,0.02574262097760916,0.0004846666144101029,0.05290553620468165,0.007041624273375927,0.06127371459828118,0.03815581625123708,0.0015006362018392303,0.06140908646654406,0.0006574891709152423
"SCONJ,X",0.03235292025556478,0.12871402162794174,0.06955155003525189,0.0639953502598261,0.10227181557789278,0.09049162500333355,0.01840812012194762,0.03061722003279643,0.03351057872629816,0.01828928364202008,0.0705062270435042,0.03711962235689792,0.1478024478471163,0.047431659321007354,0.0306044310394165,0.04515214767788243,0.033180584939639775
"SYM,ADJ",0.038920872607041246,0.13367590406124094,0.04430980328699517,0.04153705134165332,0.12313912666717253,0.04469646695809142,0.008901477799963389,0.06634354436256916,0.020841511813860743,0.00892144319783265,0.03961698254260105,0.020706340116645874,0.3115967122609509,0.04190041503886619,0.01610096932194318,0.027623417437629576,0.011167440829742085
"SYM,ADP",0.003682781916748632,0.0022439400533521957,0.032472292662847624,0.0013477301880591697,0.0018743850603014259,0.7235502417379643,0.0008816621375467055,0.11640359569770559,0.09885335009989096,0.0008706944304592979,0.0068720730097210315,0.002097608036292864,0.001541962367659156,0.001473049812286392,0.0019740965764930493,0.0019117774929048028,0.001948751906120335
"SYM,ADV",0.27717092896778056,0.14743243407413267,0.12093718955871748,0.04650334451838889,0.04354110473498845,0.03495885648548436,0.01019371715852718,0.027263569925654648,0.03400039871418249,0.010148778569831535,0.04665048550477968,0.018322878436116168,0.05037558071078046,0.024711696301916743,0.015199452618983433,0.07608477028894445,0.016504692728569564
"SYM,AUX",0.19519391411172957,0.09869758207068328,0.06293027983056061,0.03799669566680056,0.05456396762149311,0.06856919946695889,0.014784712416044924,0.0646799626486394,0.06680305151067943,0.016215095997494475,0.056514290490630045,0.026639538307462383,0.0831672777468155,0.044407333517853705,0.03141867347314059,0.06092781469539251,0.016490325365895175
"SYM,CCONJ",0.04459123191423763,0.18657540217511331,0.047827348470557265,0.03866135964099594,0.0376348172928929,0.050008645813188805,0.018935746666710666,0.04954896515078229,0.22965347180636453,0.01864647833653448,0.04370284965123333,0.03776601743415443,0.058527852277669795,0.03804961083875755,0.025513831022717922,0.04404277404014418,0.03031348191631723
"SYM,DET",0.03818710786140961,0.08116598933015143,0.1278446831853628,0.04634024404899019,0.04701422082336103,0.0849205726682429,0.017853313481785343,0.06816037126399818,0.04937697987825213,0.017769869805112724,0.0853704451542502,0.09325768461557388,0.07594262819909248,0.049927198644494,0.04795379550216197,0.041460456747903295,0.02745419666528642
"SYM,INTJ",0.0250040055246513,0.122260371169637,0.042432152409731146,0.042274828915558664,0.1540564406724852,0.08663816821727041,0.014553245024305049,0.039608816228107496,0.037882532452541126,0.014607393307343723,0.045331733276824035,0.020790533666678858,0.23822205509465286,0.042014476593627004,0.029145300888044203,0.028226226783762156,0.01695080341258913
"SYM,NOUN",0.04495444410257836,0.1075236774271592,0.052807537402015534,0.03531801732037711,0.08770968786708756,0.03333211038067305,0.008440682251924536,0.035929272408989146,0.04240798679326443,0.008441558685753713,0.03697457942118071,0.018666461445092066,0.33702287203139275,0.07485013789016037,0.03517247300209267,0.026716508124409146,0.013731401964905363
"SYM,NUM",0.0006068373967951542,0.09545249331446044,0.0006243337556328512,0.0011239685400687386,0.017414224722153076,0.007911295794171274,0.00039559816880929336,0.42031535414998017,0.11687847665619641,0.0003945904843620367,0.0007272753087752427,0.00048453817469895286,0.3241690790439507,0.0005907614520511327,0.010408966493937239,0.001988676105322094,0.000513524801466074
"SYM,PART",0.025176996668234836,0.12320893277398175,0.04273426082141442,0.04260614973300009,0.155296387080087,0.08733293519501875,0.014660155769209263,0.03990012045812001,0.038179501913209304,0.014714748118394764,0.045683033107946955,0.02094676890898881,0.232326210021112,0.04234375699066534,0.02936993598152302,0.028447177392175997,0.017072006442762685
"SYM,PRON",0.042585406449728094,0.09725057288145177,0.07793061435244727,0.08084056118657171,0.08045242565310436,0.0817377055484748,0.020804897359583917,0.041368840392818,0.0327009368501209,0.02058484959282795,0.07872322785910667,0.03361964558697861,0.11212970198589478,0.06050997089208951,0.030147542375257446,0.08684004931126313,0.0217727621524712
"SYM,PROPN",0.04075913142844804,0.15506389897627695,0.030210371133232924,0.0325566100676737,0.07546943338478236,0.032485933673463745,0.008643520956946408,0.017804771788565887,0.03454614142622456,0.009310626195930127,0.02434750652846631,0.042789444149962365,0.42725055202141166,0.021200602913768365,0.014611275796958144,0.023127425669967106,0.009822330472605278
"SYM,PUNCT",0.00827827253931217,0.19562379460001644,0.06760207771855033,0.027810216412132164,0.25176489519673645,0.01299758954376409,0.008609514638661607,0.008800467337152553,0.04329994501735421,0.006034146323157435,0.020024999067480738,0.0069039811417414875,0.21791045664383135,0.030534878122754558,0.01440901429209665,0.07063007898926023,0.008765653095565021
"SYM,SCONJ",0.029846992146988265,0.09002315306373676,0.07197624144352237,0.08030048267206318,0.07090772607934014,0.08155278427555013,0.019068362553242447,0.04284687490139277,0.03760630630031331,0.01901201691936784,0.07661896079994068,0.038619594380307314,0.12469948050219554,0.04340466696533457,0.025036269701577043,0.12837412846455717,0.020105628719949826
"SYM,SYM",0.02043772979356524,0.17301377774026427,0.03811466653678678,0.036222750295882275,0.11718001905893767,0.06886642010308223,0.011198928121930038,0.03278477910376028,0.10682456435726648,0.011153623718671962,0.034197253441410266,0.023603079718813685,0.22988828380616552,0.03028776913319102,0.02135308125521425,0.031613066366179096,0.013259673566135242
"SYM,VERB",0.02153592074356968,0.2931535945601647,0.04091836506844154,0.035620058787788435,0.04297389083569358,0.08245042943118192,0.006540697651700085,0.03748502598598053,0.0310795208477998,0.006576875474055941,0.045590589274536665,0.017180171466883706,0.2434065808447892,0.03914310619153435,0.025314639248189035,0.02194446702255078,0.009085752487529956
"SYM,X",0.024696959905749414,0.14531904237253854,0.03937866687511738,0.04059752440131237,0.14541130863619933,0.07761701323903974,0.013474539732963592,0.040840030908692905,0.034346304889081976,0.013573316054832403,0.04096976497708337,0.029756486919961668,0.22429051663764174,0.0378405976853992,0.026519961558543182,0.029545349458269164,0.03582179338906405
"VERB,ADJ",0.0038410033004340973,0.22631074970356593,0.00927960090298076,0.00374907532983131,0.06455487646611714,0.01566006306203373,0.00047116087163115547,0.23339014435439004,0.003497894128616088,0.0004693427911364874,0.0019182631988719613,0.0009605274361178332,0.40278051402297915,0.025418340229155248,0.0009258853344112107,0.006196008027680382,0.0005765409051173911
"VERB,ADP",0.007073939025678269,0.0006491829219121739,0.017228585593932495,0.011945557535431004,0.000294824562327961,0.5765186033499479,6.725355775634723e-05,0.1593644156545064,0.03323974564214762,6.692095009978184e-05,0.05409736309378315,0.030044308705791233,0.007001014277385579,0.003954771621031173,0.006481757540302272,0.09183637181474377,0.00013538382095837348
"VERB,ADV",0.039657637557397735,0.3903289242214584,0.07526588744659664,0.018331742267443767,0.03461242794893854,0.11274367217119453,0.00019827061183503352,0.019194197016116143,0.04863874127404593,0.00019507274859521448,0.021315869247528537,0.001344568982068549,0.1527529551387606,0.04021450636507618,0.0017391727962010513,0.04321355618867527,0.0002527960439110786
"VERB,AUX",0.1175502728165146,0.05339987160323065,0.05984675138184479,0.01578915228981348,0.0023305706806281113,0.14688453622432956,0.001078505106611154,0.04605993386665133,0.003390221044941677,0.0010684362342602033,0.0178277793383589,0.003028518946742639,0.037061260255326856,0.021664376237202913,0.0016354127704843895,0.4702747474596377,0.0011096483322652626
"VERB,CCONJ",0.00452028056311216,0.07260490483947393,0.1842635646013584,0.042215084888378024,0.01069302377454043,0.053010895324369645,0.0017199816643384113,0.01668457838383933,0.01979691864551909,0.001709991549219692,0.08655187548150639,0.008498988964314053,0.055301690998599384,0.019517669766735357,0.0022795493164040723,0.41772320350358166,0.002907788494136156
"VERB,DET",0.03205712599245969,0.0005206050018414623,0.002779044503202572,0.0003569768421508991,0.0008856894098764543,0.03340490520390025,0.00010488698903193395,0.8777664926974048,0.007683604906247111,0.00010434689969881665,0.003717007779974845,0.027891982820690678,0.009554086673423497,0.0004727368347449841,0.0010968479743362087,0.00029567403640719573,0.001307984930905144
"VERB,INTJ",0.03527362823772023,0.13690689801295183,0.06283157873700707,0.03889913895708472,0.12314925494360349,0.09244476888553882,0.016324728490791283,0.03053551407877955,0.039332138407730095,0.01636100712263521,0.06805222039897686,0.022918656477534455,0.17593762146607808,0.057849132824680474,0.03867214297697275,0.02632942788299698,0.01818151388469093
"VERB,NOUN",0.1199303600309455,0.5730372723644194,0.023239445762016614,0.0017987094718996711,0.05481441360009443,0.0029857415720873615,8.491858884200357e-05,0.0014330154211071346,0.00029742305570184456,8.529703447839741e-05,0.012473863288314842,0.0004888011776609722,0.19721526188795271,0.003617214903798531,0.00017455587161787777,0.007899422117897858,0.00042428217635031586
"VERB,NUM",0.004984238639283359,0.07349166730331697,0.001014631940931497,0.0009040541182608585,0.009354744191852738,0.001243856605564213,0.0005151670099747282,0.5614255021629365,0.02025506831326223,0.0005121163359392793,0.0029184966850693385,0.0015536060258121362,0.05079948202438315,0.0012607908551890675,0.2684142177920497,0.0007515789163584392,0.0006007737069132482
"VERB,PART",0.03541830525332961,0.1376483616690972,0.06316240828806131,0.03909973221868751,0.12381681624749576,0.09294525364275821,0.01639863182748134,0.030660663419212402,0.039535681172902404,0.016435130303751707,0.06840731473979277,0.023028025973257774,0.1716973882051271,0.05815635569639903,0.038868980106097656,0.026464566284151156,0.01825575404118893
"VERB,PRON",0.03701229531356478,0.2814268632647465,0.043014170839491224,0.027165383143465446,0.007246473330393588,0.043647943775397845,0.0003914765473396485,0.006106520452730917,0.001448442294923329,0.00038983066461855043,0.12555739029227478,0.0023569415137199806,0.2922332969675812,0.02541126544101237,0.0017518601929376557,0.10440599988300853,0.0004338439280928763
"VERB,PROPN",0.0032233342976191767,0.12518092174439682,0.004083255081261533,0.0004821884355227302,0.01055274257130037,0.0008074391250109972,0.00027552131836049317,0.0003710568340352701,0.0020190215402003963,0.00028705978355223583,0.0006470693656154,0.23343073119073557,0.6149337482529734,0.001337385757069469,0.0004392065088712337,0.0015831563170952889,0.00034615704284173953
"VERB,PUNCT",0.0058488968959059555,0.20752149272246287,0.11719053243214443,0.04948484234294724,0.14508285250935343,0.07653434429319568,0.002011779713195254,0.022101607892678832,0.011308157846969062,0.00033976124788780046,0.045112191657247926,0.02683707592451221,0.13641687787880027,0.016784667226088356,0.0009192644991438458,0.1334900813465914,0.003015572082798919
"VERB,SCONJ",0.0010587293695096763,0.015126542538947236,0.10965252700826077,0.09770017866588454,0.0008687623275963045,0.40578379402129466,0.0003009777226223463,0.012216802611294632,0.005887505304852608,0.0003016335031158431,0.11607828206204018,0.021696764615405408,0.0556716781869498,0.006201887432417175,0.0004752603217516862,0.1506553696893319,0.00032330248313569814
"VERB,SYM",0.0036977725856375907,0.016717388022318053,0.006210800177724349,0.00396863660515324,0.01146702675198449,0.006987514778460501,0.0018366079757288396,0.0029104031543459095,0.9011403412980292,0.0017995372188861548,0.005511494124538018,0.0035591018139251086,0.019877688153934193,0.005085620359295357,0.0036029665537789155,0.003614788947895724,0.0020122713344018083
"VERB,VERB",0.014373012831111556,0.3068297153434731,0.05389600169788139,0.0034334408643519653,0.020559926192710843,0.24232071209877964,0.0002124413608187479,0.07698766822307486,0.0177018784730513,0.00021144854067200647,0.09346288638419008,0.004964461148892303,0.09367653297040145,0.05680311046898799,0.005654338649741388,0.008611766484539157,0.00030065567750376645
"VERB,X",0.023821627965140545,0.19404820527030125,0.03784571459886698,0.025661801204983584,0.20609964196771516,0.053696791339124424,0.010217978664688848,0.02023482826082748,0.023276927850738358,0.010255424923922014,0.042402090996594165,0.022299095062761492,0.22602709706721033,0.03549318447627832,0.024487108623492307,0.0192140720683803,0.024918052543406302
"X,ADJ",0.045623946986876725,0.22960374421379295,0.05229311147476918,0.053636670387163764,0.14165993059166834,0.04755816237382827,0.01084483663486302,0.039011995519349564,0.020382525794754486,0.010884269175351338,0.051371030661952824,0.027595448296548284,0.15324590469849883,0.05097622829065051,0.018825895136020246,0.03257269918942789,0.013912957612901575
"X,ADP",0.017422107373614805,0.02022834388191396,0.03529490937646446,0.02551802260810356,0.018409694418414748,0.4138621974412621,0.0089203558393643,0.1064604673364445,0.030346738882136685,0.008889272600519357,0.04604719515074564,0.09356005055909071,0.08081597098683228,0.027697462450815283,0.031013766506676015,0.025540251116704462,0.009973088410845928
"X,ADV",0.13016855081658799,0.09495639047370896,0.07629871959821959,0.1471798502056308,0.08751813933841887,0.059010616528535925,0.01351419588791769,0.028881735592705765,0.032795447585368044,0.013407367640047092,0.05958032299307058,0.0236721736386238,0.0925849786884893,0.046445960736765914,0.02664452150438992,0.04857103852975123,0.018769678257606864
"X,AUX",0.16723661127639936,0.07181379652079499,0.06621551489340353,0.04033674590421284,0.03713883532117706,0.13301921046982265,0.013853784741887634,0.03768599192375536,0.04980412878184866,0.013864880061048877,0.05215820730544515,0.024451880181361362,0.05607206732012114,0.04553658791219912,0.021630886819492934,0.15346895287149853,0.01571171604198128
"X,CCONJ",0.04198539527894854,0.09971857854226168,0.10929741750997245,0.040507119777677576,0.032170736661920114,0.23840381922274897,0.015798016156670012,0.04078170157967153,0.04818185452590947,0.015518999158031736,0.048933486465304175,0.03558954428865635,0.05088453116612641,0.03913936638772479,0.022093847094290398,0.09428144332639526,0.026714025705302735
"X,DET",0.043143171119940184,0.09092660686646702,0.05784761822133792,0.052252131773324134,0.04834531754795634,0.09494448219543836,0.01891828686804181,0.07096894097748276,0.046803243713352496,0.018785304258348626,0.10011675985674821,0.04650934984111867,0.11222272610090576,0.05639308400179362,0.058081952556858926,0.05246796127091536,0.03127274706980069
"X,INTJ",0.030966212137358912,0.11095919595698316,0.054417719716986036,0.05549194692742543,0.14637497030977387,0.06971694969546736,0.01813492436447401,0.024811559353872237,0.0315189942291331,0.01823068202454703,0.05972416557025358,0.02812578272913329,0.20551189330258665,0.05295501433575904,0.035193218116048676,0.03588522555159322,0.02198035215148148
"X,NOUN",0.060910844634681445,0.2306866594656401,0.07177466585137654,0.0517499889082112,0.11130851418733483,0.04265348943871536,0.011605312003536367,0.026805178071535325,0.0384602219365471,0.011591535386366359,0.054903270880823044,0.028125225019245647,0.12780717771930913,0.05377164821585378,0.02245634770925557,0.036471186401337306,0.018918044407796642
"X,NUM",0.02706158157905066,0.12258964475808005,0.03767275198456485,0.043971382975947375,0.12092580301824792,0.03960387685344854,0.014723421076466823,0.08262712833569377,0.04470042938830735,0.014843934452354303,0.03688360211816195,0.024894553286212887,0.1509823175894857,0.03256698720898125,0.1577823161371693,0.029772653368542224,0.018396943976852514
"X,PART",0.030877156524463704,0.11075585384607381,0.05428145913555767,0.055387366875087995,0.14612167098967307,0.06959324944205679,0.01809220651564767,0.02473777026892933,0.031454489242551543,0.018187815892171416,0.05960974684545961,0.02806594288643467,0.20711357811205777,0.05285511918273615,0.03512124533699287,0.03581722080434325,0.021926918052066154
"X,PRON",0.04619239059401068,0.09114878864224729,0.09039109667597711,0.08958186462814668,0.07390349102172461,0.09205841895983312,0.01985191829397944,0.032421839944471294,0.031106690260033286,0.019590005562945365,0.0877789550699959,0.038377023276562734,0.10764991506766981,0.059451767265254765,0.02726703436330896,0.07185413588796871,0.021374325024602677
"X,PROPN",0.024532369678258524,0.056207669075975464,0.03387951019702681,0.03393486314086347,0.21436536854313584,0.023524444074489132,0.008495623774899461,0.011294181372842575,0.02012653574497048,0.008572117934098337,0.04947021826183503,0.04290626572885077,0.40713597259610906,0.021795107472429277,0.011637283665276721,0.021621126237182996,0.010500970718246808
"X,PUNCT",0.009366999714496966,0.17059443803941501,0.0403109254556994,0.04178755443759879,0.049694474088826594,0.015728634352313416,0.006119681762853953,0.0812480686214285,0.021044562186029184,0.0029371154477229964,0.019122612405423532,0.03134171914763995,0.3570872301661246,0.008177536709900849,0.021545239924349476,0.09418450031620397,0.02970868713803942
"X,SCONJ",0.03490450834516595,0.08230298173541253,0.09360758233127603,0.09605656666449423,0.06428425668866838,0.09938729824063727,0.020010388590077827,0.03312472496631915,0.03468615807409672,0.019935832246736212,0.0890613948593383,0.04841687901690584,0.12033812566542197,0.04895230582383851,0.026413869304610094,0.06681633982422651,0.02170037992172802
"X,SYM",0.024433777901904114,0.15014753225951397,0.050342438289508074,0.04368226029516808,0.10570720143304833,0.0570753156690575,0.01382512666468855,0.018892705000368507,0.10257981178047874,0.013691660553719735,0.03988822601502306,0.02973006404752002,0.22900799686000425,0.0351957415793122,0.0259210876564999,0.042883445918159034,0.01699497316581887
"X,VERB",0.028023129459876752,0.28861737553568007,0.05734373726564273,0.06421693594861286,0.052789561750519645,0.1023299171221124,0.00952211651354639,0.03322717252197744,0.046894824323755094,0.009527644281306237,0.06993081100178687,0.02531197132949397,0.06871930567159568,0.060099714260014946,0.03703110504152716,0.03316635551178027,0.0132479175426828
"X,X",0.006665487308824033,0.10988922881533818,0.01783057080152837,0.012057005351866087,0.049413179629062345,0.006686720415958863,0.0021447867554560333,0.00267246717423829,0.0033715361237905478,0.0021782683089625163,0.005713861012759147,0.02224167547203006,0.6630030239222986,0.004848410444621406,0.0035393136818219336,0.012760997332827834,0.07498338489368407
